Stock,Price,Volume,Market Cap,Beta,PE Ratio,EPS
a,81.47,783350,25938.0,1.27,23.26,3.51
aa,29.55,2375490,5502.0,1.38,24.72,1.20
aaba,74.01,16611754,42253.0,1.50,N/A,-15.90
aal,34.06,6219761,15214.0,1.84,11.18,3.03
aaoi,12.72,639136,248.532,2.43,N/A,-0.11
aap,176.78,830258,12655.0,1.29,30.99,5.73
aapl,197.00,25881697,943528.0,0.91,16.51,12.12
aaxn,57.73,791443,3549.0,0.79,120.64,0.50
ab,29.49,88499,2834.0,1.06,11.75,2.50
abb,19.58,1773966,42287.0,1.03,19.38,1.02
abbv,83.45,3499353,124136.0,0.99,22.95,3.66
abc,77.27,1717291,16490.0,1.53,14.33,5.45
abeo,7.65,279782,363.938,0.92,N/A,-1.19
abev,4.4900,15855959,69142.0,0.68,25.51,0.1760
abmd,284.91,600518,12757.0,1.26,58.85,4.81
abt,79.00,5178878,137918.0,0.88,59.08,1.33
acad,28.12,1251441,3895.0,2.46,N/A,-1.94
acc,48.25,721742,6588.0,0.43,56.98,0.84
acia,58.24,467033,2346.0,1.73,482.75,0.12
aciw,33.96,410747,3965.0,0.90,57.86,0.59
acls,20.96,145678,689.032,1.07,15.55,1.35
acm,31.25,832068,4908.0,1.80,67.18,0.47
acn,178.15,1373468,114115.0,1.14,26.03,6.87
acor,13.27,569236,609.231,1.97,18.01,0.71
adap,5.0900,176977,520.419,1.37,N/A,-0.9810
adbe,267.45,1796796,131166.0,1.03,49.87,5.39
addyy,127.79,28718,50332.0,0.88,28.38,4.45
adi,111.46,2237860,41155.0,1.31,26.99,4.14
adm,42.93,2720239,24134.0,0.86,13.51,3.19
adnt,16.31,1314761,1572.0,2.23,N/A,-15.91
adp,160.34,952102,69901.0,1.08,44.18,3.63
adsk,166.33,1699076,36605.0,1.43,N/A,-0.37
adus,65.02,88491,853.504,0.25,46.46,1.41
adxs,3.8500,362790,21.725,5.42,N/A,-8.7120
aee,72.39,1029449,17589.0,0.26,21.59,3.32
aem,43.45,980814,10267.0,-0.56,N/A,-1.40
aeo,22.82,4456654,3838.0,0.78,15.13,1.47
aep,83.57,3121049,41017.0,0.17,21.32,3.90
aer,49.00,695590,6905.0,1.74,7.09,6.83
aes,18.27,4111107,11917.0,0.60,9.95,1.81
afl,49.00,3303572,36784.0,0.52,13.03,3.77
ag,6.45,2087343,1286.0,-0.38,N/A,-1.11
agco,71.18,439396,5481.0,1.05,19.96,3.58
agen,2.9600,857257,390.537,2.09,N/A,-1.4430
agio,68.10,342177,3872.0,2.55,N/A,-6.03
agle,8.77,588386,233.153,1.06,N/A,-2.13
agn,149.64,1180235,49695.0,1.60,N/A,-15.26
agnc,18.06,3789226,9735.0,0.00,86.43,0.21
ago,45.35,524143,4666.0,0.82,9.71,4.68
agr,50.50,395075,15614.0,0.06,26.32,1.92
agro,7.07,275476,831.044,0.26,N/A,-0.21
aig,45.05,2147019,39025.0,1.30,N/A,-0.01
aimt,23.20,404004,1413.0,0.75,N/A,-3.67
ajg,78.30,847849,14440.0,0.60,22.93,3.40
akam,74.07,582828,12203.0,0.18,42.31,1.76
akrx,3.3500,1851334,428.221,3.83,N/A,-3.2100
aks,2.9300,3953510,926.785,2.77,4.97,0.5900
alb,86.14,964368,9206.0,1.08,13.71,6.34
aldr,13.86,1276034,1156.0,3.29,N/A,-4.87
ale,83.37,141582,4253.0,0.30,24.38,3.38
algn,295.88,752442,23415.0,2.71,59.49,4.92
algt,136.99,216531,2219.0,1.74,13.79,10.00
alk,58.54,988702,7210.0,1.15,16.57,3.52
alks,37.16,1258465,5825.0,1.33,N/A,-0.90
all,96.31,1571970,31493.0,0.70,15.92,5.96
alle,94.92,442323,8917.0,1.08,20.79,4.54
ally,28.85,2409829,11623.0,1.43,9.82,2.95
alny,92.79,1025209,9585.0,2.44,N/A,-7.57
alrm,64.75,233614,3123.0,1.24,150.74,0.43
alsn,46.80,699287,5883.0,1.41,9.83,4.78
alv,78.65,388372,6956.0,1.46,36.50,2.18
alxn,141.20,929035,31346.0,1.75,401.58,0.35
amag,13.01,385875,451.965,0.15,N/A,-1.91
amat,43.04,6314180,40748.0,1.50,10.93,3.93
amba,44.88,225747,1488.0,0.90,N/A,-0.93
amc,14.98,3619437,1694.0,0.39,39.78,0.41
amcx,58.25,640719,3304.0,0.97,7.76,7.57
amd,28.98,58002493,30857.0,4.05,89.16,0.32
ame,84.29,755737,19253.0,1.28,25.34,3.34
amgn,195.41,1629766,121270.0,0.97,15.44,12.62
amj,25.81,1326276,na,1.26,N/A,na
amot,35.50,72280,346.593,0.86,21.38,1.70
amp,137.94,499978,18759.0,2.23,9.76,14.20
amrn,19.75,3802937,6412.0,0.57,N/A,-0.39
amt,195.76,2166540,86560.0,0.22,70.84,2.77
amtd,52.11,1948027,29470.0,0.99,16.76,3.14
amzn,1837.28,3752841,908657.0,1.71,91.85,20.14
anab,81.12,176404,2162.0,2.30,N/A,-2.50
ande,32.67,105490,1088.0,1.09,22.49,1.46
anet,311.06,588795,23999.0,1.79,78.13,4.06
anf,25.88,1866876,1671.0,0.72,23.23,1.08
angi,15.41,670066,7828.0,1.62,103.53,0.15
anss,185.83,216156,15616.0,1.64,38.20,4.88
antm,293.31,997808,74475.0,1.21,20.40,14.19
anz,na,na,na,na,na,na
aobc,9.73,603736,525.393,0.15,32.21,0.30
aos,55.17,1277417,9269.0,1.39,21.40,2.58
apa,35.57,3383485,13349.0,1.97,338.67,0.10
apc,47.01,5812591,23687.0,1.34,39.32,1.20
apd,193.19,844068,42395.0,0.64,25.22,7.65
aph,102.70,759378,30640.0,0.90,26.70,3.85
apo,28.60,893414,11543.0,1.82,N/A,-0.30
apop,0.9701,133688,11.07,2.43,N/A,-0.8540
appf,81.43,132341,2767.0,1.57,145.57,0.56
aprn,1.0800,5070693,221.751,N/A,N/A,-0.6340
apto,1.9600,52725,77.712,2.11,N/A,-0.8650
aptv,86.94,1373328,22821.0,1.85,22.01,4.02
ar,8.98,6162584,2769.0,0.98,N/A,-1.26
arch,91.74,182955,1576.0,0.01,5.97,15.15
ard,13.77,75721,3268.0,1.22,N/A,-0.40
ardx,3.2700,463349,221.603,3.02,N/A,-1.6240
argx,132.70,97072,4919.0,1.11,N/A,-1.73
armk,30.55,3102769,7648.0,1.78,14.98,2.07
arna,49.21,310062,2428.0,1.57,N/A,-0.62
arnc,20.11,4299038,9179.0,2.36,15.66,1.29
arry,24.44,1890866,5344.0,1.43,N/A,-0.53
artw,2.1300,56338,8.55,1.56,N/A,-0.8120
arw,82.40,466684,7076.0,1.12,10.25,8.10
asb,22.38,547124,3634.0,1.16,11.81,1.89
asmb,20.57,201857,531.436,0.84,N/A,-3.98
asml,201.39,503646,85705.0,1.32,29.25,6.96
ath,42.87,837459,8468.0,0.84,8.13,5.31
athm,108.51,790805,12912.0,0.89,33.34,3.30
ati,27.45,4094730,3401.0,2.43,16.72,1.61
atus,22.75,2471231,15482.0,N/A,869.62,0.03
atvi,47.29,5563806,36336.0,0.79,20.24,2.35
auph,6.49,1073077,593.475,0.15,N/A,-0.76
auy,2.5900,12723349,2502.0,0.37,N/A,-0.3000
avav,68.60,157680,1603.0,1.21,26.89,2.53
aveo,1.0800,14993948,152.9,0.93,N/A,-0.1930
avgo,304.28,1389871,120527.0,0.27,20.10,15.15
avlr,55.87,332173,3858.0,N/A,N/A,-1.95
avp,2.9700,4908871,1274.0,1.90,N/A,-0.1000
avy,114.04,431769,9565.0,1.60,21.57,5.28
awk,104.92,775901,18798.0,0.30,33.06,3.15
axl,15.32,1005828,1753.0,1.89,N/A,-0.51
axp,110.96,4776570,92849.0,1.06,13.99,7.91
axta,26.68,2196775,6364.0,1.16,31.88,0.85
ayi,138.99,364335,5522.0,1.43,15.85,8.82
azn,40.70,3169437,105527.0,0.56,48.07,0.85
azo,1048.52,290116,26195.0,0.80,19.64,53.60
azpn,104.84,286881,7306.0,1.61,102.34,1.02
ba,391.93,14482604,211410.0,1.43,20.98,17.85
baba,185.35,14725576,483442.0,1.73,53.33,3.50
bac,29.08,35272847,281168.0,1.54,11.18,2.61
bah,58.60,616209,8172.000000000001,1.24,20.39,2.86
bam,47.19,1033887,45200.0,1.05,13.90,3.40
batra,27.88,20993,1413.0,0.82,283.06,0.10
bax,80.67,3637844,40716.0,1.16,26.74,2.98
bayry,17.28,4886612,64518.0,0.85,9.31,1.84
bb,9.32,3406448,5134.0,2.09,61.99,0.15
bbby,18.35,12002033,2560.0,1.60,8.14,2.29
bbd,9.39,6185732,69695.0,-0.06,13.44,0.70
bbt,48.37,3526268,37076.0,1.19,12.41,3.91
bbva,6.02,2644585,39907.0,0.70,8.43,0.72
bby,74.77,2236007,20037.0,1.44,14.39,5.20
bc,52.32,569411,4552.0,1.79,17.40,3.01
bce,44.64,565796,40281.0,0.59,19.56,2.29
bcei,23.14,155751,487.033,0.68,2.90,8.16
bcli,4.1700,46872,122.681,0.86,N/A,-0.6970
bco,79.42,260482,3930.0,1.31,N/A,-0.65
bcrx,9.15,1194055,943.115,1.13,N/A,-0.98
bcs,8.45,2577947,36276.0,0.73,75.36,0.11
bdc,57.59,230439,2292.0,2.83,18.89,3.08
bdx,251.28,1245056,67532.0,1.40,77.23,3.25
becn,35.07,496459,2370.0,1.39,N/A,-0.03
ben,34.88,2067885,17960.0,0.94,11.58,3.04
bfam,128.43,131461,7401.0,0.69,47.96,2.66
bg,53.25,1592962,7554.0,1.11,32.62,1.64
bgfv,3.1800,210571,63.26,1.41,N/A,-0.1700
bgne,146.86,224154,8687.0,1.43,N/A,-12.15
bgs,23.90,442764,1564.0,0.81,9.21,2.60
bhc,25.12,3111556,9063.0,2.18,N/A,-11.81
bhf,37.82,1569483,4516.0,N/A,5.37,7.21
bhge,26.78,4881756,27798.0,0.82,59.60,0.45
bhp,56.33,1468904,207302.0,0.25,27.90,2.05
bid,39.24,479691,1853.0,0.93,19.03,2.09
bidu,181.55,3913486,64552.00000000001,1.13,14.40,12.83
big,38.37,1084427,1567.0,2.18,10.19,3.83
biib,241.72,2087979,47159.0,1.85,11.11,21.58
bio,308.61,94967,9237.0,1.55,25.61,12.10
bjri,47.61,486948,978.024,0.45,19.74,2.35
bk,51.18,6958980,48936.0,0.91,12.69,4.04
bke,18.86,422978,910.138,0.50,9.52,1.97
bkng,1769.45,324020,80515.0,0.61,21.48,83.26
bks,5.49,1387280,389.226,-0.53,296.11,0.02
bl,46.33,366688,2547.0,1.01,N/A,-0.52
blcm,3.8000,262834,168.418,1.81,N/A,-2.4370
bldr,14.20,657903,1663.0,2.12,8.19,1.76
blk,445.10,398399,70722.0,1.17,16.78,26.58
blmn,20.77,771098,1868.0,0.31,17.89,1.14
blph,0.6503,3010908,47.752,1.23,14.14,0.0490
blue,161.71,377974,8800.0,3.26,N/A,-10.68
bmo,76.41,339260,49065.0,1.22,12.50,6.14
bmrn,93.90,579776,16478.0,1.48,N/A,-0.44
bmy,46.64,15953398,76392.0,0.87,15.54,3.01
boch,10.86,8778,197.072,0.49,11.31,0.96
bold,39.00,520927,1650.0,1.98,N/A,-3.40
boot,na,na,na,na,na,na
box,19.70,1319121,2816.0,1.77,N/A,-0.95
bp,44.53,6982309,152028.0,0.49,16.14,2.80
br,109.17,1081114,12635.0,0.87,29.57,3.69
brew,14.33,86836,277.365,0.32,68.14,0.21
brk-a,307776.00,128,503713.0,0.76,125.69,"2,446.17"
brkr,38.41,404390,6085.0,1.77,34.06,1.14
bsmx,7.19,1133930,9969.0,0.80,38.05,0.19
bsx,38.16,4870844,53048.0,0.82,32.06,1.19
bt,14.83,674953,28684.0,0.43,9.91,1.50
bti,40.75,1116641,85916.0,0.80,1.84,22.16
btu,27.99,451332,3039.0,0.62,6.34,4.43
bud,86.32,721522,168026.0,1.28,39.66,2.17
bui,21.33,36265,N/A,0.01,N/A,N/A
burg,1.6700,13422,5.971,3.31,N/A,-1.7870
burl,156.46,983994,10442.0,0.39,26.03,6.04
bvn,17.18,584685,4424.0,-0.49,N/A,-0.05
bvxv,6.22,50735,43.918,1.62,N/A,-2.30
bwa,42.15,2811560,8848.0,1.55,9.60,4.44
bwxt,50.90,383179,4866.0,1.32,22.53,2.27
bx,34.81,2432566,39943.0,1.61,15.41,2.26
bxc,24.94,277471,228.9,0.96,N/A,-5.21
bxs,29.82,373573,2943.0,1.56,13.27,2.23
byd,29.15,573405,3206.0,2.49,28.80,1.00
bzh,12.28,202875,378.952,2.12,4.23,2.89
c,65.55,10466431,154636.0,1.77,9.88,6.69
cae,22.49,97769,5968.0,1.13,22.51,1.00
cag,28.29,5460924,13751.0,1.24,19.25,1.47
cah,47.49,2005357,14171.0,1.65,N/A,-0.13
caj,29.42,148503,31813.0,0.70,14.86,1.98
cake,48.77,645654,2096.0,0.82,22.56,2.14
cala,6.75,114439,260.213,1.97,N/A,-1.49
camt,9.80,613231,380.084,2.19,20.41,0.51
car,34.98,993302,2616.0,1.80,16.73,2.06
cara,19.67,1323080,797.675,2.93,N/A,-2.06
carb,25.49,327477,876.318,0.77,115.91,0.22
cars,23.00,678312,1535.0,N/A,41.40,0.55
casa,8.84,201540,750.648,N/A,11.43,0.79
casy,130.83,275202,4760.0,0.64,24.39,5.33
cat,140.36,2497583,80472.0,1.35,13.63,10.26
catb,8.54,180998,101.737,1.81,N/A,-5.12
cb,137.59,1065866,62851.0,0.71,16.16,8.49
cbay,13.66,463062,926.863,2.33,N/A,-1.26
cbl,1.5400,2138790,300.333,1.97,N/A,-0.7200
cbmg,17.44,29479,340.89,3.12,N/A,-2.20
cboe,95.85,421448,10682.0,N/A,20.99,N/A
cbs,50.37,3892436,19169.0,0.86,10.00,5.14
cbtx,33.00,19039,824.684,N/A,17.52,1.89
cbu,61.80,203106,3197.0,0.92,19.18,3.24
cc,38.03,1142891,6394.0,1.97,7.06,5.45
cci,129.10,1625751,53426.0,0.50,95.90,1.34
ccj,11.63,1769172,4693.0,0.53,N/A,-0.10
ccl,53.07,3192084,36303.0,1.59,11.93,4.40
ccr,17.71,16732,486.044,0.47,7.45,2.37
ccs,26.04,810699,786.218,1.98,8.19,3.17
ccz,50.61,10,47940.0,N/A,43.18,N/A
cde,4.1000,3061123,868.026,0.01,N/A,-0.2570
cdev,9.14,4720707,2513.0,1.85,12.75,0.75
cdns,64.20,1946062,17990.0,1.14,52.02,1.23
cdw,100.79,945140,14999.0,1.16,24.34,4.19
cdxs,21.70,260618,1158.0,0.61,N/A,-0.21
ce,105.76,1685088,13118.0,1.06,11.51,8.91
ceix,33.46,348552,925.403,N/A,6.23,5.38
celg,94.80,8981348,66724.0,2.03,17.24,5.51
cenx,9.33,527187,823.767,2.52,N/A,-0.76
ceo,186.47,70581,84821.0,0.99,16.57,11.50
cerc,5.63,128615,221.373,2.24,N/A,-1.20
cern,57.32,1397971,18518.0,0.95,30.21,1.89
ceva,27.89,245031,636.991,1.93,"1,110.38",0.03
cf,43.48,1644952,9688.0,0.66,35.13,1.24
cfg,34.58,2533000,15962.0,1.63,9.85,3.52
cfr,102.11,159704,6435.0,1.16,14.79,6.91
cg,18.50,254832,6340.0,1.54,22.74,0.82
cgc,43.24,2993235,14659.0,3.34,N/A,-1.79
cgnx,53.22,1039629,9199.0,2.27,43.29,1.24
cha,55.43,17744,43468.0,0.68,15.53,3.50
chd,72.31,1126993,17796.0,0.02,31.88,2.27
chk,3.4100,52443189,5561.0,2.39,N/A,N/A
chkp,123.97,872448,19458.0,0.70,24.19,5.15
chl,50.73,3530613,204207.0,0.74,11.47,4.35
chrs,14.49,4042713,1073.0,2.93,N/A,-3.22
chrw,89.46,624157,12310.0,0.85,18.95,4.73
chs,4.1100,3575514,470.648,0.68,14.43,0.2800
chtr,351.44,830866,90130.0,1.36,67.84,5.22
ci,166.13,2379858,63622.0,1.03,15.88,10.54
cib,54.33,245056,51828.0,0.78,13.70,4.04
cien,37.31,1619761,5808.0,0.39,36.80,1.01
cinf,86.22,304099,13974.0,0.55,48.95,1.75
cit,49.66,510682,4915.0,1.48,13.75,3.61
cj,15.89,791649,1031.0,1.48,N/A,-1.94
cl,67.92,1678084,58484.0,0.83,24.73,2.75
clb,70.74,587682,3157.0,2.00,39.78,1.79
clf,10.54,6220312,3106.0,2.59,2.88,3.71
clls,19.98,87671,844.282,1.70,N/A,-1.93
clne,3.1500,668507,642.501,0.78,N/A,-0.0210
clr,47.22,3395460,17518.0,1.32,17.80,2.64
clrb,2.4700,57589,11.847,1.70,N/A,-5.2270
clsd,1.4000,700688,49.734,-1.11,N/A,-2.6950
clvs,25.67,727207,1330.0,2.30,N/A,-7.07
clx,155.60,1507225,19659.0,0.47,25.35,6.05
cm,81.78,1236699,36501.0,1.15,9.38,8.76
cma,77.63,1837589,12354.0,1.46,10.87,7.20
cmc,18.25,966534,2137.0,1.64,17.19,1.05
cmcsa,40.42,12333650,184252.0,1.06,16.09,2.53
cme,170.09,1624805,61688.0,0.06,30.19,5.71
cmg,708.37,557375,19815.0,1.31,113.26,6.31
cmi,163.27,530368,25634.0,1.27,12.41,13.15
cmta,25.95,206393,992.965,N/A,N/A,-1.59
cnat,1.2500,832449,43.115,4.23,N/A,-0.5930
cnc,55.84,8547349,23403.0,1.42,25.06,2.26
cnhi,11.00,739689,14865.0,1.15,14.08,0.78
cnk,40.02,1094768,4736.0,0.32,22.25,1.83
cnmd,83.50,127488,2319.0,0.78,58.43,1.41
cnp,30.87,4356927,15274.0,0.42,41.16,0.74
cnq,28.67,2040543,35118.0,0.61,12.67,2.31
cnsl,11.91,1081940,831.542,1.19,N/A,-0.73
cnx,10.86,2705045,2134.0,0.39,2.90,3.71
cof,86.54,2023216,40382.0,1.34,7.28,11.82
cog,26.17,5077348,11355.0,0.57,21.63,1.24
cohr,152.64,451472,3814.0,2.93,16.08,9.75
coke,296.80,47757,2080.0,1.45,N/A,-2.13
colm,104.08,473917,7039.0,0.61,27.09,3.81
cone,55.33,668535,5899.0,0.89,"54,670.00",0.00
conn,24.66,272459,795.101,2.09,10.99,2.28
coo,289.44,295846,14320.0,1.08,39.67,7.31
cop,66.12,5567229,75317.0,0.70,12.51,5.32
core,37.49,164213,1716.0,0.70,37.82,0.99
cost,245.87,1244150,108439.0,1.07,31.65,7.79
cot,14.94,761723,2021.9999999999998,0.79,5.40,2.75
coty,11.26,6392818,8483.0,1.54,N/A,-1.65
coup,90.26,813387,5544.0,1.85,N/A,-0.96
cow,53.99,4748,na,0.00,N/A,na
cown,15.78,412825,467.131,1.14,13.55,1.17
cp,207.85,451256,29476.0,1.30,16.90,12.46
cpa,86.00,401485,3554.0,1.13,40.59,2.08
cpb,38.26,2522854,11602.0,0.68,N/A,-0.55
cpe,7.73,5543209,1775.0,1.46,5.77,1.35
cprt,63.95,1685137,14751.0,0.78,32.52,1.99
cprx,5.60,2118065,556.845,2.39,N/A,-0.33
crbp,7.80,2261488,470.085,2.17,N/A,-0.98
crc,29.41,2988826,1434.0,3.96,4.34,6.77
cree,62.75,1234559,6415.0,1.06,N/A,-2.83
cri,102.69,360629,4638.0,0.90,17.05,6.00
crk,7.13,157517,759.095,2.45,N/A,-0.57
crl,143.90,615838,7058.0,1.16,31.34,4.62
crm,158.56,2848571,122180.0,1.05,110.82,1.43
cron,18.40,6756083,5849.0,4.25,N/A,-0.03
crox,26.57,1474977,1902.0,0.65,N/A,-1.01
crsp,38.42,456860,2021.9999999999998,3.10,N/A,-3.44
crto,20.47,348377,1304.0,0.04,15.49,1.31
crus,43.21,504738,2567.0,1.12,28.35,1.53
cs,12.24,1404215,31455.0,1.17,N/A,-0.14
csco,55.21,13862843,244269.0,1.06,20.24,2.74
csgp,483.98,158462,17497.0,1.40,73.39,6.54
csiq,19.32,350707,1139.0,1.82,5.01,3.88
cslt,3.7400,212620,539.65,1.16,N/A,-0.2880
csod,54.08,406272,3216.0,1.56,N/A,-0.58
cstm,8.93,314530,1223.0,2.66,6.22,1.45
csx,74.42,4162343,61455.0,1.35,19.69,3.84
ctas,206.37,336970,21649.0,1.32,27.21,7.58
ctl,12.55,8558357,13530.0,0.70,N/A,-1.63
ctre,23.60,650224,2079.0,1.02,32.46,0.72
ctrl,17.25,135372,458.606,1.83,10.77,1.60
ctrp,45.75,4640397,25466.0,1.14,64.80,0.71
cts,30.66,62835,1010.0,1.62,22.11,1.39
ctsh,74.20,2428986,42793.0,1.05,20.67,3.60
ctxs,100.98,1650715,13295.0,0.79,25.62,3.94
cve,9.39,5390995,11881.0,1.03,N/A,-0.42
cveo,2.2900,347241,406.325,3.54,N/A,-0.8400
cvi,43.34,520390,4341.0,1.19,13.82,3.12
cvs,54.06,8350901,70237.0,1.19,N/A,-0.57
cvx,126.42,5483102,240700.0,0.78,16.37,7.74
cx,4.97,5823520,7532.0,1.42,17.00,0.30
cxo,109.83,2561756,22314.0,1.46,8.45,13.25
cxw,20.33,373658,2418.0,1.97,15.16,1.34
cy,16.00,2404083,5859.0,1.69,16.92,0.95
cybr,114.42,797390,4353.0,1.17,92.15,1.27
cycc,0.8487,194231,14.482,1.76,N/A,-0.6190
cyh,3.7400,1045750,416.667,4.30,N/A,-6.9900
cyou,16.62,76825,871.68,0.23,10.63,1.58
cytk,8.65,359419,472.333,2.03,N/A,-1.95
cytr,0.6700,46158,22.137,2.23,N/A,-0.4110
cytx,0.3050,4945499,6.326,1.20,N/A,-1.7400
czr,9.19,15559535,5686.0,2.23,22.22,0.41
d,77.47,3492800,61290.0,0.19,20.50,3.74
dal,57.73,7921611,39044.0,1.21,10.18,5.67
data,123.99,825498,10639.0,0.91,N/A,-0.93
db,8.35,4820813,17189.0,1.33,N/A,-1.12
dbx,21.95,1885497,9106.0,N/A,N/A,-1.35
ddd,11.11,774754,1287.0,2.43,N/A,-0.41
dds,75.09,293672,1994.0,1.02,12.15,6.23
de,165.03,1124740,52551.0,1.02,15.87,10.40
denn,18.53,292360,1111.0,0.12,26.94,0.67
deo,162.68,175847,97094.0,0.47,25.48,6.40
derm,14.56,2361621,794.518,1.66,N/A,-5.27
df,2.4200,1200318,221.922,0.48,N/A,-3.5790
dfs,74.95,1126439,24406.0,1.66,9.60,7.79
dg,122.26,2003657,31739.0,0.79,20.49,5.97
dgx,90.77,742624,12177.0,0.93,17.10,5.29
dgz,14.34,1620,na,0.07,N/A,na
dhi,43.55,3187079,16318.999999999998,1.27,10.70,4.08
dhr,131.59,2123793,94436.0,0.94,35.32,3.74
dhx,2.6900,212705,156.393,2.29,20.36,0.1400
din,93.65,343968,1653.0,0.80,21.42,4.37
dis,115.00,11054215,206654.0,0.51,15.75,7.30
disca,29.48,3871940,20443.0,1.13,39.44,0.73
dish,34.70,1727862,15904.0,1.75,11.33,3.00
djco,220.70,2118,298.27,0.01,N/A,-20.33
djp,23.09,99445,na,0.82,N/A,na
dk,39.15,1716143,2896.0,1.17,9.46,3.95
dks,40.18,1626521,3914.0,1.00,12.54,3.24
dlph,23.20,696300,2070.0,N/A,5.80,4.03
dlr,122.41,1075573,26559.0,0.68,100.34,1.21
dlth,17.60,1540471,576.647,0.56,26.07,0.68
dltr,105.99,3993685,24402.0,0.54,N/A,-6.69
dnkn,75.17,608877,6170.0,1.01,27.56,2.71
do,11.84,3117404,1614.0,1.97,N/A,-1.31
doc,18.64,734399,3450.0,0.77,61.16,0.30
docu,53.84,1313013,9142.0,N/A,N/A,-3.16
dova,9.15,101531,250.088,N/A,N/A,-2.60
dow,57.24,10756835,42792.0,N/A,N/A,N/A
dox,55.21,1262782,7654.0,0.46,23.09,2.38
dpz,254.56,810980,10164.0,0.96,29.64,8.35
dri,118.98,1185687,14675.0,0.76,22.07,5.41
drna,14.96,284206,1020.9999999999999,2.17,N/A,-1.60
drys,4.4500,266049,381.432,-1.22,19.95,0.2200
dsw,22.51,2282699,1766.0,N/A,N/A,N/A
dsx,3.0200,165808,310.946,0.21,29.40,0.1000
dte,123.98,614338,22466.0,0.33,19.87,6.17
dtys,17.69,132177,na,-12.16,N/A,na
duk,90.53,3115265,65572.0,0.05,23.98,3.76
dva,55.95,565514,9191.0,1.68,60.04,0.92
dvn,32.20,5413735,14039.0,2.04,5.25,6.10
dwdp,37.90,11853514,85674.0,1.12,23.14,1.65
dwt,5.72,13058594,na,0.00,N/A,na
dxc,65.45,1097948,17341.0,1.70,11.99,5.39
dxcm,116.92,1127158,10346.0,0.91,N/A,-1.44
e,35.69,369425,63933.0,0.46,9.57,3.71
ea,99.43,3951412,29345.0,1.48,21.33,4.59
eaglu,10.30,512,418.438,N/A,104.04,N/A
eat,44.36,807226,1653.0,0.43,12.54,3.52
eb,20.87,1051448,1692.0,N/A,N/A,-1.71
ebay,37.84,6982766,34592.0,1.44,14.82,2.55
ebf,21.01,84797,554.882,0.50,14.52,1.46
ec,21.58,598041,903334.0,1.57,10.27,2.14
eca,7.16,24561571,10872.0,1.59,6.55,1.11
ecl,181.71,685184,52264.0,0.68,37.14,4.88
ed,84.81,1784754,26903.0,0.25,18.96,4.42
edit,27.48,743354,1330.0,2.42,N/A,-2.34
edu,88.94,1444795,14163.0,1.39,61.55,1.45
eea,8.90,5696,70.287,-0.10,N/A,-1.91
eeft,142.75,413862,7444.0,1.19,33.69,4.26
eem,44.40,30209010,na,1.08,N/A,na
efii,29.00,155507,1235.0,1.10,N/A,-0.02
efx,123.78,729611,14961.0,1.47,49.91,2.47
ego,4.5800,1083926,733.403,1.29,N/A,-2.2830
egrx,48.69,235296,685.493,1.53,23.56,2.09
ehc,na,na,na,na,na,na
ehic,11.81,813940,854.197,-0.02,45.56,0.27
eix,63.83,1675146,20774.0,-0.18,N/A,-1.30
el,163.50,1090993,59527.0,0.61,37.78,4.36
elf,11.87,716975,580.471,1.74,37.16,0.32
elnk,N/A,N/A,N/A,N/A,N/A,N/A
ely,16.49,985759,1569.0,0.94,15.32,1.08
emr,71.14,2335451,44074.0,1.35,19.95,3.59
enb,36.96,2296715,75156.0,0.64,51.09,0.73
endp,8.20,1757647,1878.0,2.45,N/A,-4.61
enph,9.84,2292257,1130.0,1.75,N/A,-0.12
enta,93.83,198094,1799.0,1.71,22.42,4.13
entg,37.88,1986970,5231.0,1.46,22.88,1.69
env,66.12,237321,3226.0,1.30,558.42,0.12
eog,98.63,4985855,57704.0,1.41,16.89,5.89
eols,25.03,989445,723.06,N/A,N/A,-1.92
epam,168.35,621008,9171.0,1.97,39.92,4.24
epay,48.85,187761,2017.0,1.11,130.98,0.38
epc,44.74,495488,2429.0,0.50,25.23,1.78
epd,29.51,2664228,64388.00000000001,0.98,15.45,1.91
eqbk,28.92,44609,454.195,0.37,12.61,2.28
eqc,32.70,552593,3945.0,0.32,15.09,2.15
eqix,466.62,251049,38857.0,0.94,101.62,4.56
eqm,46.88,240736,9265.0,1.10,19.02,2.43
eqnr,22.66,1584975,75779.0,0.72,10.17,2.27
eqt,21.61,3530489,5480.0,0.61,N/A,-8.60
eric,9.52,4025736,31912.0,0.28,N/A,-0.72
erj,20.01,543316,3599.0,-0.92,N/A,-0.73
es,71.08,1506226,22408.0,0.36,21.73,3.25
eslt,136.70,10347,5754.0,1.15,28.21,4.84
espr,42.96,517146,1155.0,1.87,N/A,-7.54
esrx,N/A,N/A,N/A,N/A,N/A,N/A
esv,4.0300,16788061,1737.0,2.45,N/A,-1.4750
etfc,48.77,1156671,11834.0,1.12,12.54,3.88
eth,19.56,258146,519.895,0.99,15.09,1.30
etn,83.25,1406527,35499.0,1.45,17.04,4.91
etp,na,na,na,na,na,na
etsy,68.22,1044307,8089.0,0.58,110.90,0.61
evlv,0.4500,212085,31.256,2.00,N/A,-0.3400
evr,93.97,526139,3951.0,2.22,10.90,8.33
evri,10.18,558310,713.748,3.11,59.71,0.17
ew,188.31,898918,39235.0,1.02,55.78,3.38
ewbc,51.36,602465,7420.0,1.61,10.63,4.81
exas,91.33,1786643,11684.0,2.61,N/A,-1.43
exc,49.90,6370710,48129.0,0.35,23.97,2.07
exel,24.58,1952332,7359.0,2.17,11.06,2.21
exp,85.79,346349,3940.0,1.57,17.53,4.90
expd,78.11,645887,13444.0,0.92,22.48,3.48
expe,122.50,1435908,18135.0,0.68,46.49,2.65
expr,4.2900,2261594,285.979,1.11,33.08,0.1300
exr,101.64,1102919,13347.0,0.29,30.59,3.27
eye,30.40,610892,2341.0,N/A,99.77,0.30
f,9.25,26215216,37103.0,0.75,10.11,0.92
fang,102.45,1577090,17153.0,1.17,12.95,8.06
fast,66.67,1711308,19055.0,1.59,25.42,2.62
fate,18.19,421378,1148.0,3.03,N/A,-1.18
fb,175.72,7285690,499248.0,1.20,23.11,7.57
fbhs,50.26,1160835,7113.0,1.75,18.99,2.66
fbk,33.91,45345,1045.0,0.87,13.29,2.55
fbp,11.58,1895376,2476.0,1.13,12.45,0.92
fcau,15.44,3036276,24550.0,1.79,6.80,2.32
fcel,0.3055,3304660,38.647,0.91,N/A,-0.9670
fcx,13.33,17921439,19910.0,1.48,7.72,1.78
fdc,26.72,22633002,24682.0,2.20,24.93,1.05
fdp,26.92,135722,1310.0,0.71,N/A,-0.45
fds,252.85,280475,9731.0,1.23,31.84,8.03
fdx,189.90,1595105,49869.0,1.71,14.09,13.59
fe,40.97,5701396,21480.0,0.28,20.31,1.99
feye,16.71,2970309,3356.0,0.61,N/A,-1.27
ffin,59.74,131989,4009.0000000000005,0.99,26.82,2.22
ffiv,167.33,308822,9979.0,0.74,20.80,8.07
ffnw,16.74,3440,167.384,0.14,11.63,1.43
fgen,54.02,673648,4525.0,2.14,N/A,-1.03
fhb,26.70,1108629,3597.0,1.13,13.82,1.93
fhn,14.73,1785623,4666.0,1.40,8.91,1.65
fii,30.90,689022,3144.0,0.41,14.33,2.18
fis,113.39,5308674,36724.0,0.79,44.57,2.55
fisv,89.86,7082332,34589.0,0.97,30.78,2.87
fit,5.97,2414333,1509.0,1.01,N/A,-0.76
fitb,26.69,7319210,20720.0,1.28,8.78,3.06
five,125.41,1072835,7002.0,0.93,47.17,2.66
fivn,49.49,1153867,2892.0,0.94,N/A,-0.00
fl,63.70,2524900,7113.0,1.20,13.59,4.66
flex,10.93,3043149,5637.0,2.26,41.58,0.26
flir,48.34,650225,6646.0,1.60,24.38,2.01
flo,21.18,980668,4482.0,0.23,28.72,0.74
flr,40.53,926380,5616.0,2.10,25.30,1.59
flt,250.31,220055,21540.0,1.05,28.48,8.81
flws,18.69,271611,1186.0,1.04,35.83,0.52
fmc,80.42,850245,10623.0,1.12,21.85,3.69
fmx,95.76,523441,20427.0,0.42,42.10,2.28
fnd,44.40,684671,4362.0,N/A,40.11,1.11
fnsr,23.99,769249,2839.0,1.06,N/A,-0.49
fold,14.40,5715578,3203.0,1.74,N/A,-1.88
fomx,3.9700,127789,214.746,2.28,N/A,-1.6990
fosl,13.74,1119066,674.666,-0.10,N/A,-0.07
fox,36.98,1928972,23130.0,N/A,4.95,7.45
foxa,37.68,3393260,23052.0,N/A,5.03,7.45
frac,11.96,436351,1261.0,1.19,22.30,0.54
frc,104.77,1105334,17434.0,1.00,21.68,4.81
fred,2.1400,1782026,75.076,1.34,N/A,-3.1090
frt,138.92,170492,10391.0,0.70,43.38,3.18
fsbc,17.45,8531,33.364,0.24,249.86,0.07
fslr,56.29,1289856,6013.0,1.15,41.97,1.36
fti,25.18,3253007,11350.0,1.14,N/A,-4.20
ftnt,84.11,1622208,14688.0,1.05,45.07,1.91
ftr,2.5100,3057246,244.34,1.66,N/A,-8.3700
ftv,86.73,1325301,29089.0,1.20,10.59,8.21
fun,52.11,162494,2972.0,0.92,23.56,2.23
fwona,35.82,47386,8428.0,0.73,N/A,-0.65
fwonk,36.90,463323,8418.0,0.76,N/A,-0.65
fwp,1.2500,2236,58.714,3.91,N/A,-0.6210
g,35.52,907553,6743.0,1.29,24.54,1.45
galt,4.7700,171301,213.63,4.75,N/A,-0.3820
gbt,59.01,461137,3295.0,1.46,N/A,-3.40
gcap,6.48,161809,241.511,0.62,3.10,2.09
gd,171.12,1151244,49755.0,1.46,15.42,11.18
gddy,74.55,1338658,13423.0,0.49,166.62,0.45
gdi,28.26,634370,5678.0,N/A,21.96,1.29
gdp,14.96,8750,178.138,0.56,112.77,0.13
ge,10.01,175846213,82654.0,0.91,N/A,-2.63
gel,23.19,234168,2843.0,1.27,N/A,-0.62
gene,0.8702,130460,15.006,4.75,N/A,-0.3000
geo,20.08,426252,2421.0,1.60,16.67,1.20
gern,1.8200,2037775,342.963,2.53,N/A,-0.1530
ges,18.55,1283193,1491.0,0.58,114.00,0.16
gevo,2.4400,152597,26.715,1.25,N/A,-5.7360
gg,11.69,7556852,10233.0,0.36,N/A,-4.77
ggal,24.97,879331,3572.0,0.58,7.84,3.25
ggg,51.83,463806,8686.0,0.87,26.64,1.97
ghc,691.64,22110,3689.0,0.34,13.83,50.19
ghg,14.50,32974,1503.0,N/A,28.46,0.52
gild,67.54,5308575,85903.0,1.23,16.16,4.17
gimo,N/A,N/A,N/A,N/A,N/A,N/A
gis,50.88,3642674,30724.0,0.94,20.07,2.56
glob,74.60,145341,2685.0,0.83,52.42,1.41
glpg,124.69,80334,6775.0,1.45,N/A,-1.69
glre,11.14,163431,407.875,1.53,N/A,-9.74
gluu,11.36,1966372,1647.0,0.58,N/A,-0.09
glw,34.69,1812465,27231.0,1.23,30.61,1.13
gm,38.94,5992519,55054.0,0.99,7.06,5.53
gme,9.86,4548937,1016.9999999999999,0.46,N/A,-5.81
gmed,48.24,583067,4701.0,0.88,30.97,1.54
gmre,9.87,270824,359.446,N/A,N/A,N/A
gnc,2.5800,2134357,219.151,1.54,3.22,0.8100
gnk,8.29,197721,350.652,0.17,N/A,-0.86
gnmx,0.2102,3280848,14.832,0.72,N/A,-0.5300
gogo,4.3900,787994,378.262,1.17,N/A,-2.0240
gold,13.49,7690810,23704.0,-0.80,N/A,-1.32
goog,1207.15,860363,838213.0,1.16,27.55,43.70
googl,1211.45,1087588,838235.0,1.19,27.65,43.70
goos,48.76,887015,5228.0,2.90,69.53,0.68
gpn,136.90,875606,21567.0,1.12,48.11,2.84
gpor,7.86,2717297,1296.0,1.17,3.24,2.45
gpro,6.68,2444037,928.221,0.70,N/A,-0.78
gps,26.24,4803382,10006.0,0.40,10.20,2.59
grmn,88.17,903814,16881.0,1.24,24.34,3.66
grpn,3.5600,1697669,2025.0,1.60,N/A,-0.0200
grub,71.18,1304467,6525.0,0.73,84.35,0.85
gs,202.38,1883738,74284.0,1.20,8.02,25.27
gshd,29.00,71385,1018.0,N/A,N/A,-0.66
gsk,41.60,2044749,102282.0,0.54,42.01,0.99
gsky,13.04,447850,2338.0,N/A,32.06,0.41
gt,19.38,1759055,4499.0,1.39,6.70,2.89
gtxi,1.2900,147213,30.546,2.84,N/A,-1.6500
gva,44.88,276962,2063.0,1.27,46.03,0.96
gwb,33.13,323940,1894.0,1.63,11.21,2.97
gwph,165.28,368483,5123.0,2.72,N/A,-9.42
gwre,99.99,486090,8151.0,1.10,195.55,0.51
h,76.66,314884,8118.0,0.86,11.52,6.68
ha,28.22,908532,1334.0,2.11,5.96,4.62
hain,21.82,947204,2279.0,1.44,N/A,-1.55
hal,30.97,6804535,27309.0,1.37,16.56,1.89
halo,17.20,650753,2494.0,1.64,N/A,-0.56
har,N/A,N/A,N/A,N/A,N/A,N/A
has,86.56,541241,10903.0,1.11,49.73,1.74
hban,13.31,11993492,14083.0,1.48,11.17,1.20
hbmd,13.88,10475,261.306,0.47,N/A,-0.22
hca,134.08,989411,45289.0,1.35,12.37,10.66
hclp,4.3300,774393,442.652,2.65,3.08,1.4200
hcm,31.49,103632,4199.0,1.09,N/A,-0.56
hcp,31.21,2797778,14982.0,0.51,13.80,2.24
hd,202.06,3040935,224699.0,1.22,20.92,9.73
hear,12.00,473385,169.319,0.95,4.33,2.74
hei,98.64,252564,12026.0,1.15,49.22,2.00
hele,114.53,355153,2969.0,0.53,16.15,7.18
hes,63.00,4155498,19115.0,2.19,N/A,-1.10
hfwa,31.31,152178,1137.0,1.10,20.72,1.49
hhc,113.05,69480,4883.0,0.91,85.36,1.32
hibb,22.71,590627,411.611,0.89,14.91,1.51
hig,49.93,1544157,17997.0,0.55,10.09,4.94
hii,212.80,207962,8924.0,1.13,11.22,19.09
hk,1.4300,2694846,227.504,2.23,4.97,0.2900
hlf,53.75,1577733,7768.0,0.12,27.46,1.98
hli,46.97,247658,2999.0,1.44,19.94,2.30
hlt,87.44,1561403,25775.0,1.00,35.27,2.50
hmc,28.45,339059,49852.0,0.73,4.87,5.79
hog,40.31,2900983,6331.0,1.30,12.63,3.19
holi,22.90,203080,1403.0,1.48,11.71,1.99
holx,47.13,2156826,13635.0,1.02,N/A,-1.53
homb,18.76,551623,3161.0,1.53,10.83,1.73
home,20.86,1340400,1328.0,2.21,28.19,0.74
hon,161.70,1780237,118040.0,1.24,18.05,8.98
hov,13.28,124781,81.554,1.69,4.74,2.92
hp,58.40,1507250,6487.0,1.62,N/A,-0.00
hpe,16.15,6414083,22186.0,1.19,37.13,0.44
hpq,19.79,7296149,30578.0,1.20,7.65,2.61
hqy,77.73,427409,4820.0,1.61,65.94,1.17
hrb,24.93,1856972,5115.0,0.18,7.62,3.30
hri,41.28,141054,1180.0,3.58,17.25,2.39
hrl,41.93,2294411,22670.0,-0.11,24.32,1.74
hrs,164.50,597966,19325.0,1.30,22.91,7.16
hrtx,26.09,428069,2044.0,0.82,N/A,-2.44
hsbc,42.48,1140055,170737.0,0.47,13.51,3.15
hsc,22.09,333208,1753.0,1.70,13.32,1.64
hsy,115.87,610962,24245.0,0.05,20.84,5.58
ht,18.20,331667,773.682,1.41,N/A,-0.38
htbi,25.60,27239,469.063,0.41,16.83,1.52
htbx,1.2300,86337,41.567,3.32,N/A,-0.9000
htgm,2.6300,191545,72.087,2.47,N/A,-0.5980
htht,44.18,1026569,12870.0,1.42,63.00,0.70
htz,18.07,2686875,1470.0,2.00,N/A,-2.68
hubs,163.99,383998,6692.0,1.73,N/A,-1.66
hum,276.48,1082692,37105.0,1.11,22.50,12.16
hun,24.09,2024375,5635.0,1.58,17.36,1.39
hvt,23.99,136594,498.004,1.25,17.08,1.42
hxl,70.21,495450,5909.0,1.38,22.39,3.11
hznp,27.45,1247702,5011.0,1.31,N/A,-0.45
hzo,19.59,208307,454.456,1.14,11.55,1.72
i,17.52,3219830,2466.0,0.52,N/A,-4.63
iac,207.40,542816,17602.0,0.91,31.88,6.59
iart,54.43,391680,4615.0,1.20,75.21,0.72
ibm,143.28,2109167,127598.0,1.68,15.06,9.52
ibp,51.19,80513,1534.0,2.10,29.49,1.75
ibtx,54.53,101858,2402.0,1.57,12.67,4.33
icad,5.79,181887,97.552,1.51,N/A,-0.54
ice,77.26,2338325,43561.0,0.41,22.45,3.43
iclr,139.26,142828,7525.0,0.83,23.67,5.89
icon,1.5200,81733,13.693,3.37,N/A,-15.7340
icpt,117.03,606775,3569.0,1.74,N/A,-10.86
idra,2.6700,112891,73.469,3.16,N/A,-2.2510
idti,48.99,9949967,6334.0,N/A,60.18,N/A
idxx,227.77,788848,19597.0,1.51,53.46,4.26
iep,73.20,42516,13961.0,1.50,6.37,11.46
iff,132.22,534056,14070.0,0.30,34.82,3.79
igt,13.78,2815044,2824.0,1.04,N/A,-0.10
ihg,63.37,170901,11244.0,0.97,32.96,1.92
iipr,82.58,381933,818.13,1.77,111.24,0.75
iivi,39.64,383313,2533.0,1.56,23.36,1.71
ilmn,323.50,1093587,47546.0,1.44,58.20,5.56
imbby,33.61,76514,32081.000000000004,0.42,17.67,1.89
imgn,2.7500,1934054,406.395,2.38,N/A,-1.2060
immu,18.00,1857478,3493.0,1.74,N/A,-1.67
imos,17.69,30337,654.723,0.44,42.79,0.42
incy,84.76,1528850,18090.0,1.32,165.55,0.51
info,54.77,1487734,21942.0,0.76,54.56,1.01
infy,11.32,4759161,47818.0,0.85,22.62,0.50
ing,12.70,2255804,49909.0,1.14,9.65,1.33
ino,3.9600,1449811,394.674,2.08,N/A,-1.0500
inst,45.74,346775,1629.0,0.31,N/A,-1.27
insy,4.8300,354292,363.954,3.23,N/A,-1.6810
intc,55.60,11758823,250486.0,0.49,12.43,4.48
intl,40.29,35882,759.551,0.88,9.61,4.14
intu,261.70,1630468,67556.0,1.04,54.83,4.76
inva,14.47,777989,1454.0,0.57,4.07,3.53
invh,24.51,1363686,12916.0,0.54,N/A,-0.01
ions,84.99,1274582,11922.0,1.95,41.61,2.07
iots,6.25,77037,187.059,1.97,N/A,-0.85
ip,47.37,1507911,19015.0,1.41,9.76,4.85
ipci,0.2106,2368718,4.65,N/A,N/A,N/A
ipg,21.53,2349439,8327.0,0.65,13.53,1.59
ipgp,167.03,477874,8948.0,1.80,22.89,7.38
iqv,144.26,757417,28318.0,1.23,116.16,1.24
ir,112.60,1144820,27251.0,1.19,21.06,5.34
irbt,124.36,367077,3451.0,2.15,40.35,3.07
isbc,12.31,1503778,3392.0,1.25,17.19,0.72
isrg,575.72,503226,66718.0,1.33,60.94,9.49
it,155.09,360067,14045.0,1.65,117.71,1.33
itub,8.93,9540119,79197.0,0.09,13.95,0.64
itw,152.20,1161562,50316.0,1.24,20.25,7.60
ivz,20.49,4739951,8245.0,1.42,9.59,2.14
jack,82.18,505466,2073.0,0.62,15.63,5.14
jag,11.10,1105673,2385.0,0.91,14.41,0.78
jakk,1.0700,30379,25.688,1.97,N/A,-1.8340
jazz,144.48,390255,8189.0,1.08,19.66,7.30
jbgs,42.60,569500,5884.0,N/A,137.74,0.31
jbht,104.68,625897,11310.0,1.19,23.48,4.43
jbl,29.16,1023517,4561.0,0.48,27.97,1.05
jblu,16.64,4023297,4990.0,1.33,27.63,0.60
jci,36.19,4773300,33223.0,1.29,14.81,2.46
jcom,88.84,195793,4305.0,0.92,34.09,2.59
jcp,1.4600,8112354,455.57,2.08,N/A,-0.8100
jd,31.24,11378684,44558.0,1.21,209.46,0.15
jec,76.71,926718,10701.0,1.36,38.76,1.98
jhg,na,na,na,na,na,na
jjc,44.65,238,na,0.00,N/A,na
jjm,46.10,41,na,0.00,N/A,na
jjs,41.09,100,na,0.00,N/A,na
jju,43.41,1220,na,0.00,N/A,na
jks,19.87,1128696,778.834,2.52,15.43,1.29
jmp,3.9400,68724,84.186,1.29,N/A,-0.1020
jnce,6.54,128545,216.958,3.91,N/A,-0.84
jnj,136.18,4330048,362510.0,0.69,24.28,5.61
jnpr,27.03,2602932,9534.0,0.22,17.09,1.60
jo,33.60,77108,na,0.00,N/A,na
jout,72.41,34710,725.505,1.41,16.64,4.37
jpm,105.31,8056282,346034.0,1.08,11.74,9.00
jva,5.76,157148,32.692,1.90,35.15,0.17
jwn,45.64,1620450,6986.0,0.39,13.58,3.32
k,56.80,1909414,19764.0,0.70,15.01,3.83
kbh,25.61,1914158,2191.0,1.42,9.51,2.65
kbr,19.90,879091,2795.0,1.58,9.93,1.99
kdp,27.31,2079530,38822.0,0.37,52.09,0.53
key,16.59,9339285,16675.0,1.51,9.68,1.71
keys,89.44,1136131,16891.0,1.09,93.50,0.96
keyw,8.35,315468,414.458,1.53,N/A,-0.45
kgc,3.5000,8197915,4473.0,-0.62,N/A,-0.0200
khc,33.17,6533664,40473.0,0.81,N/A,-8.39
kkr,23.80,1860711,19690.0,1.85,11.48,2.06
kl,32.27,1139485,6803.0,-0.39,25.13,1.29
klac,124.34,922002,20412.0,1.39,13.66,9.13
kmb,121.92,1151688,41857.0,0.45,30.18,4.03
kmi,20.05,10194964,45136.0,1.03,29.98,0.67
kmph,1.7600,98033,47.216,3.44,N/A,-3.1490
kmt,40.59,760296,3329.0,2.18,14.57,2.78
kmx,72.04,1320504,12176.0,1.11,15.18,4.79
knx,33.32,1133033,5792.0,2.07,14.19,2.36
ko,46.47,9421519,199009.0,0.27,31.03,1.50
kodk,2.8200,301904,125.915,4.52,N/A,-0.8440
kof,68.02,42793,14393.0,0.30,N/A,-3.55
kr,23.90,4717165,19048.0,0.89,6.35,3.76
kss,72.00,2541699,11880.0,0.66,15.04,4.84
ksu,117.39,507843,11829.0,1.10,19.18,6.13
kw,21.95,270524,3124.0,1.05,21.01,1.04
l,48.60,734532,15126.0,0.62,24.42,1.99
lad,93.55,237755,2200.0,1.11,8.75,10.86
lasr,24.85,496269,904.023,N/A,76.88,0.32
laz,38.02,844176,4153.0,1.45,9.30,4.06
lb,27.46,3022557,7562.0,0.66,11.90,2.31
lbrda,93.04,77378,16937.0,1.45,245.71,0.38
lbrdk,93.21,528970,16940.0,1.43,245.82,0.38
lbtya,27.82,3028791,20158.0,1.40,29.80,0.93
lbtyb,27.63,35,20203.0,1.43,29.80,0.93
lbtyk,26.86,5333290,20054.0,1.41,28.78,0.93
lc,3.1900,2081007,1414.0,1.22,N/A,-0.3030
leg,43.56,1422645,5637.0,1.14,19.01,2.26
len,51.68,2280661,16219.000000000002,1.25,9.37,5.47
lexea,43.87,200412,2522.0,0.89,N/A,-2.25
lgcy,0.4377,1249632,56.831,-0.01,1.19,0.4170
lgih,67.11,274775,1510.0,1.09,10.65,6.24
lgnd,129.34,268315,2633.0,1.76,21.60,5.96
life,0.5013,281694,18.774,2.02,N/A,-1.1520
lii,273.92,282791,11019.0,0.89,31.63,8.74
litb,1.5700,292449,115.286,-2.80,N/A,-0.9000
lite,58.71,1058110,4498.0,0.92,39.25,1.51
ljpc,7.37,286864,191.429,1.71,N/A,-7.85
ll,10.86,801224,308.456,1.49,N/A,-1.90
lll,212.78,407047,16814.0,1.29,16.79,12.62
lly,126.99,3430908,123449.0,0.54,40.63,3.13
lm,29.57,1685242,2555.0,1.49,N/A,-0.86
lmat,30.25,91340,593.336,1.66,26.73,1.13
lmt,302.58,1121482,86443.0,1.42,17.38,17.59
ln,34.89,21811,8231.0,1.39,N/A,-0.39
lnkd,na,na,na,na,na,na
lnt,46.74,927651,10944.0,0.29,21.15,2.19
logi,40.40,120096,6789.0,1.71,27.52,1.48
logm,83.76,454354,4273.0,0.95,59.19,1.42
low,114.98,4983470,92160.0,1.43,40.77,2.84
lpcn,2.2800,168539,52.414,0.10,N/A,-0.5500
lpl,9.00,329557,6466.0,1.04,N/A,-0.40
lpla,72.28,378739,6100.0,1.12,14.92,4.85
lpx,25.42,2189433,3118.0,1.49,9.25,2.73
lrcx,195.15,1713271,29539.0,1.41,11.39,17.00
lscc,12.86,997677,1685.0,1.55,N/A,-0.21
lsi,97.25,555790,4529.0,0.56,21.85,4.43
lstr,111.35,280544,4488.0,1.36,18.10,6.18
lsxma,39.60,279991,12807.0,1.21,19.69,2.01
lsxmb,38.79,0,13158.0,1.10,19.30,2.01
lulu,169.37,2135692,21892.0,1.24,47.03,3.61
luv,53.25,6976937,28707.0,1.81,12.11,4.29
lvs,65.92,2183049,51033.0,1.11,21.51,3.07
lw,71.63,1527943,10659.0,-0.18,23.51,3.10
lxrx,6.22,440422,650.385,1.46,N/A,-1.14
lyb,91.06,1717934,33898.0,1.22,7.60,12.02
lyg,3.2100,3685143,58461.0,1.21,10.83,0.3000
lyv,62.93,1196926,13409.0,1.07,N/A,-0.09
lzb,33.36,165388,1553.0,1.21,15.59,2.14
m,25.49,7307932,7910.0,0.31,7.21,3.56
ma,236.30,2714544,242392.0,1.01,42.19,5.60
mack,6.01,228355,77.789,2.57,N/A,-3.04
mar,134.06,1866769,45423.0,1.14,25.08,5.38
mara,2.5920,1664531,70.69,3.07,N/A,-0.6030
mas,40.75,1819539,12022.0,1.60,17.24,2.37
masi,135.80,481540,7280.0,1.43,39.69,3.45
mat,13.55,3492473,4673.0,2.04,N/A,-1.54
maxr,4.67,1440830,299.089,1.17,N/A,-21.76
mbfi,42.38,35365244,3552.0,N/A,16.63,N/A
mbrx,0.9200,155718,32.837,1.76,N/A,-0.4580
mc,41.60,1128615,2316.0,2.24,12.81,3.08
mcd,190.71,2184462,145295.0,0.33,25.18,7.54
mchp,92.92,2767225,22289.0,1.32,71.42,1.32
mck,116.70,1161071,22409.0,1.56,N/A,-1.58
mco,187.24,922512,35340.0,1.54,27.77,6.74
mcy,51.18,200013,2783.0,-0.02,N/A,-0.10
mdc,30.86,332665,1896.0,1.35,9.12,3.39
mdco,29.57,750897,2136.0,2.53,N/A,-1.68
mdgl,132.76,152972,2059.0,1.75,N/A,-2.22
mdlz,49.68,6398355,71724.0,0.85,21.76,2.28
mdt,88.93,5446662,119349.0,0.69,25.13,3.54
mdu,26.24,490577,5113.0,0.41,18.70,1.39
med,133.38,256581,1635.0,0.50,29.82,4.62
meli,502.85,209777,22895.0,2.15,N/A,-0.82
met,45.06,3235979,43087.0,0.97,9.17,4.91
mfg,3.1600,671969,39721.0,0.76,7.09,0.4440
mfs,N/A,N/A,N/A,N/A,N/A,N/A
mga,52.50,814358,17253.0,0.98,8.07,6.61
mgi,2.4200,465468,129.124,1.32,N/A,-0.3730
mgm,27.44,4090519,14797.0,1.10,34.02,0.81
mgpi,78.73,98126,1333.0,2.04,36.23,2.17
mgt,N/A,N/A,N/A,N/A,N/A,N/A
mik,12.47,2428764,2009.9999999999998,1.19,6.85,1.86
mime,45.14,554731,2756.0,0.89,N/A,-0.20
mkc,151.89,1696413,20233.0,-0.00,31.07,4.93
mkl,982.76,84462,13595.0,0.76,N/A,-9.55
mksi,99.08,337582,5381.0,1.63,13.90,7.14
mlab,230.59,18909,903.641,0.32,89.70,2.60
mlco,25.10,3644930,11636.0,1.26,35.14,0.72
mlhr,36.55,202010,2147.0,1.71,14.94,2.44
mlm,205.82,320084,12849.0,0.91,27.70,7.43
mlnx,118.89,478530,6476.0,-0.13,48.29,2.46
mmm,215.41,1130042,123829.0,1.20,24.19,8.89
mmp,62.50,755513,14314.0,0.83,10.73,5.84
mmyt,26.62,170631,2689.0,0.21,N/A,-1.66
mnk,23.48,896361,1992.0,2.82,N/A,-42.94
mnst,52.88,3207823,28825.0,1.50,30.15,1.76
mnta,14.80,493282,1463.0,2.45,N/A,-2.26
mo,54.77,5607401,103395.0,0.25,15.02,3.68
moh,147.36,583784,9237.0,2.05,13.90,10.61
momo,40.01,2456309,8183.999999999999,2.08,19.39,2.04
mon,N/A,N/A,N/A,N/A,N/A,N/A
morn,127.68,50094,5454.0,0.92,30.13,4.25
mos,27.92,2275791,10735.0,1.60,22.83,1.22
mov,34.43,221616,792.495,0.43,13.21,2.61
mpc,63.47,7353161,42619.0,1.08,12.00,5.28
mplx,32.89,3417149,26175.0,1.04,14.39,2.29
mpo,10.34,152263,216.59,1.82,5.55,1.91
mpwr,144.62,235481,6258.0,1.19,61.79,2.36
mpx,13.95,9613,469.496,1.03,16.64,0.82
mram,7.92,40061,135.91,2.46,N/A,-1.08
mrcy,65.86,301760,3190.0,1.58,92.72,0.71
mrk,81.15,10059144,208950.0,0.37,34.89,2.32
mrns,4.6000,963349,235.81,4.44,N/A,-0.8980
mro,17.70,9828418,14406.0,1.70,13.64,1.29
mrtx,73.44,372811,2623.0,2.94,N/A,-3.18
mrvl,21.30,12436877,14131.0,1.32,N/A,-0.30
ms,44.90,10898179,76861.0,1.05,9.51,4.73
msci,206.99,596894,17864.0,1.42,37.28,5.66
msft,119.89,15116186,920128.0,1.01,27.82,4.31
msg,297.25,64715,7056.0,0.46,564.62,0.53
msi,140.66,578566,23124.0,0.91,25.02,5.62
msm,84.79,548021,4752.0,1.17,14.12,6.08
mt,22.31,2105524,22587.0,1.88,4.46,5.04
mtb,163.22,376059,22716.0,1.22,12.88,12.74
mtbc,5.00,85501,60.289,2.06,N/A,-0.59
mtch,54.92,1064399,15540.0,0.30,34.69,1.61
mtd,734.84,72687,18340.0,1.50,37.14,19.88
mtdr,19.54,2536897,2321.0,2.30,8.27,2.41
mth,47.94,341886,1848.0,1.05,8.65,5.58
mtn,219.48,346122,8774.0,0.90,33.26,6.55
mtw,17.40,165774,620.64,2.32,N/A,-1.89
mtz,50.34,587091,3801.0,1.13,15.56,3.26
mu,43.32,24546811,47477.0,1.48,3.91,10.97
mx,8.17,386406,282.959,1.69,N/A,-0.11
mxim,57.32,1621888,15843.0,1.30,22.87,2.53
myl,na,na,na,na,na,na
nati,46.19,277461,6183.0,0.77,40.10,1.16
nav,33.11,298031,3280.0,2.16,7.80,4.24
navi,12.17,1724755,2998.0,2.39,8.23,1.49
nbev,4.78,66231020,497.692,3.25,N/A,-0.38
nbix,91.27,551025,8287.0,2.00,414.73,0.22
nbl,25.73,5591462,12201.0,1.59,N/A,-0.14
nbr,3.8800,9540539,1414.0,2.88,N/A,-1.9940
nbrv,2.8000,3155109,213.978,N/A,N/A,-2.2600
nclh,57.13,2000891,12474.0,2.23,13.48,4.25
ndaq,88.59,567432,14682.0,0.78,32.51,2.73
ne,3.0500,4549040,739.975,3.03,N/A,-3.5900
nee,190.08,1443222,90202.0,0.18,13.59,13.88
nem,36.50,6275547,19528.0,-0.26,57.28,0.64
neog,57.54,183623,2985.0,1.06,48.54,1.18
nete,6.20,53691,23.139,1.13,N/A,-2.12
newr,96.26,376576,5514.0,1.02,N/A,-0.55
nflx,365.49,4653810,157791.0,1.58,134.85,2.68
ngg,54.55,931341,36880.0,0.51,8.45,6.44
ni,28.26,2687560,10447.0,0.33,N/A,-0.18
nib,27.55,44061,na,-0.21,N/A,na
nick,9.53,8672,75.144,0.45,42.60,0.22
nio,5.36,17254334,5438.0,N/A,N/A,-44.10
nke,85.40,4703971,133348.0,0.95,33.01,2.57
nktr,36.30,1068212,6264.0,3.62,9.52,3.78
nlnk,1.7500,507201,66.724,1.25,N/A,-1.4410
nlsn,26.21,4416290,9249.0,1.17,N/A,-2.00
nmm,0.9200,406814,156.132,1.88,N/A,-0.0760
nmr,3.7200,288682,12286.0,1.20,13.37,0.2760
noc,276.30,602478,47062.0,1.07,14.98,18.49
nok,5.92,10634107,33345.0,-0.06,N/A,-0.19
nomd,20.65,814829,4002.0,1.08,20.44,1.01
nov,28.20,3108722,10859.0,1.52,N/A,-0.08
novt,87.76,69610,3062.0,1.60,61.36,1.43
now,236.98,1447973,42816.0,0.97,N/A,-0.15
npo,69.49,72064,1455.0,1.38,60.24,1.16
nrg,42.07,2142981,11703.0,0.27,48.39,0.87
nsc,192.19,922689,51765.0,1.40,20.40,9.51
ntap,72.15,1787269,18022.0,1.32,19.32,3.78
ntdoy,37.37,188701,38655.0,1.85,25.43,1.44
ntes,279.68,1009810,36605.0,0.32,41.79,6.67
ntg,na,na,na,na,na,na
ntla,18.41,280363,822.303,2.94,N/A,-1.98
ntnx,37.17,2848137,6907.0,0.96,N/A,-2.25
ntr,54.07,1170046,32339.0,0.94,9.46,5.72
ntri,42.89,0,1255.0,N/A,21.99,N/A
ntrs,95.06,891354,20626.0,1.06,14.22,6.64
nuan,17.01,803645,4849.0,1.63,N/A,-0.67
nue,60.69,1728952,18433.0,1.52,8.15,7.42
nus,50.74,689679,2822.0,0.67,23.60,2.16
nvcr,46.34,309163,4351.0,2.65,N/A,-0.69
nvda,190.95,10604848,116703.0,2.37,28.93,6.63
nviv,1.5700,28995,14.432,1.23,N/A,-4.6940
nvmi,27.40,136207,781.69,1.22,14.81,1.89
nvo,50.76,1187644,122621.0,0.83,20.86,2.46
nvr,2870.47,16247,10451.0,0.64,14.79,194.80
nvs,93.99,2641449,220296.0,0.69,17.64,5.38
nwl,15.85,4529757,6668.0,1.10,N/A,-14.60
nws,12.64,347585,7361.0,1.15,N/A,-2.23
nxp,14.63,13251,243.086,-0.06,91.69,0.16
nxpi,98.15,2297344,28872.0,1.19,14.67,6.72
nyt,33.56,1554600,5570.0,1.29,44.76,0.75
o,72.28,1066612,21901.0,0.28,57.32,1.26
oak,49.93,518145,7834.0,0.71,16.68,2.99
obsv,13.89,37024,638.955,1.14,N/A,-1.91
oc,50.74,1566141,5552.0,1.61,10.36,4.89
ocn,2.0000,264952,267.824,1.64,N/A,-0.5290
ocul,4.4400,445249,181.627,2.42,N/A,-1.5740
odfl,151.75,192453,12390.0,1.63,20.69,7.38
odp,2.7200,10514301,1402.0,2.53,13.72,0.1880
oec,19.59,488505,1191.0,1.25,9.97,1.99
ogs,88.14,111922,4611.0,0.57,26.93,3.25
ohrp,2.4300,183433,6.932,0.79,N/A,-3.5340
oi,19.23,1036229,2997.0,1.14,12.17,1.59
oii,16.36,1014639,1674.0,2.59,N/A,-2.16
oil,64.58,22262,na,0.00,N/A,na
ois,18.64,530252,1129.0,2.94,N/A,-0.33
oke,70.54,1598034,29107.0,1.08,25.37,2.78
okta,86.83,1447883,9835.0,N/A,N/A,-1.17
oled,163.95,459311,7801.0,1.77,133.54,1.24
olli,89.69,796264,5649.0,1.56,43.60,2.05
omc,75.16,1115960,16851.0,0.18,12.92,5.83
omer,18.53,375517,886.132,3.47,N/A,-2.61
omi,3.9900,1671007,252.087,2.51,N/A,-7.2820
on,22.81,4902569,9443.0,1.81,15.92,1.44
once,112.57,762599,4278.0,2.16,N/A,-2.11
ondk,5.40,318259,410.659,1.05,15.46,0.35
ontx,3.5800,47445,19.69,3.82,N/A,-4.9890
opht,1.4100,315343,61.304,1.11,0.87,1.7000
opk,2.6100,2520591,1557.0,1.60,N/A,-0.2720
opy,26.25,41004,342.34,1.17,12.80,2.05
orcl,53.93,10122899,183596.0,1.04,19.25,2.79
orly,401.13,496464,31512.0,0.94,24.97,16.10
osk,79.33,448782,5568.0,2.06,11.22,7.08
ostk,16.87,1605040,545.381,3.36,N/A,-6.84
osur,10.76,204941,670.277,1.40,32.94,0.33
oxy,68.04,2527661,51132.0,1.15,12.68,5.39
paa,24.91,2537852,18070.0,1.11,9.18,2.71
paas,13.26,1436806,2808.0,-0.34,200.45,0.07
pacb,7.26,1105580,1105.0,0.95,N/A,-0.76
pacw,39.86,693292,4768.0,1.64,10.69,3.72
pag,44.42,337987,3796.0,1.53,8.17,5.53
pags,29.03,1602401,9468.0,N/A,41.57,0.70
panw,238.85,817500,22524.0,0.64,N/A,-1.07
patk,46.97,325453,1126.0,2.77,9.56,4.93
payc,183.48,619195,10774.0,1.66,78.84,2.34
payx,80.74,1468735,29046.0,1.20,30.50,2.65
pbct,16.92,3275673,6288.0,1.40,13.09,1.29
pbf,31.89,1260076,7595.0,1.33,28.58,1.10
pbi,6.86,2610289,1257.0,2.01,5.72,1.19
pbr,16.50,27435750,104999.0,0.08,23.15,0.73
pbyi,35.46,540533,1346.0,1.90,N/A,-2.99
pcar,69.02,1076814,23908.0,1.47,11.05,6.24
pcg,19.37,8205478,10382.0,-0.75,N/A,-13.25
pch,38.98,404056,2632.0,1.30,19.49,1.99
pcln,N/A,N/A,N/A,N/A,N/A,N/A
pcrx,39.73,319554,1644.0,0.93,N/A,-0.01
pcty,85.48,261361,4515.0,1.52,89.15,0.96
pdd,21.60,9909332,25194.0,N/A,N/A,-2.09
pe,18.78,3717090,6040.0,1.11,14.13,1.35
peg,59.70,1737859,29921.0,0.46,20.94,2.83
penn,21.37,846672,2470.0,2.19,22.84,0.93
peo,17.15,89062,507.915,-0.04,N/A,-4.27
pep,121.62,3092791,171322.0,0.56,13.89,8.78
pets,23.21,425844,475.206,0.85,11.54,2.01
pfe,42.99,14521208,239505.0,0.59,23.12,1.87
pfg,53.19,802323,14840.0,1.43,9.95,5.36
pfgc,39.77,411713,4145.0,0.79,24.65,1.62
pfpt,119.13,771423,6652.0,1.54,N/A,-1.99
pfsi,22.82,286964,1779.0,0.14,8.85,2.59
pg,103.65,8468598,262591.0,0.22,25.53,4.11
pgnx,5.24,1069654,431.167,2.05,N/A,-0.87
pgr,72.70,2220952,42053.0,0.70,16.29,4.42
ph,183.40,614810,23876.0,1.73,17.61,10.48
phg,39.57,1061368,36067.0,1.17,25.09,1.58
phm,28.94,2771394,8000.0,0.56,8.12,3.55
pi,18.09,91732,391.194,2.25,N/A,-1.65
pii,91.23,1049768,5827.0,1.40,18.22,5.24
pir,0.7073,2758003,55.585,6.16,N/A,-1.4440
pirs,3.7800,466466,188.741,1.77,N/A,-0.5040
pjc,74.44,68424,1089.0,1.23,20.00,3.72
pkg,102.20,714528,9531.0,1.39,13.03,7.80
play,54.66,1012187,1973.0,1.28,17.74,3.04
plce,99.72,863385,1615.0,1.37,17.02,6.01
pld,73.06,1661107,46789.0,1.06,25.41,2.87
plnt,71.47,1632512,6591.0,0.67,70.64,1.00
plse,17.03,39235,359.118,1.65,N/A,-2.20
plug,2.6300,10353316,675.426,1.03,N/A,-0.3570
pm,85.44,4439101,132724.0,0.98,16.80,5.08
pnc,127.91,1460689,58171.0,1.16,11.98,10.70
pnr,45.21,880434,7770.0,1.22,23.15,1.96
podd,95.85,406947,5609.0,1.12,"1,892.40",0.05
pool,170.33,114131,6729.0,1.03,30.23,5.62
por,51.83,446618,4568.0,0.31,21.57,2.37
post,108.41,371719,7264.0,0.66,27.62,3.95
ppg,114.96,988183,27010.0,0.73,20.90,5.47
prah,107.38,434979,7026.0,1.64,46.21,2.32
prgo,50.46,1099088,7008.0,2.00,54.29,0.95
prta,12.49,135275,490.324,2.37,N/A,-3.93
prtk,6.28,196975,201.303,2.14,N/A,-3.57
prty,8.54,1359637,780.21,1.37,6.56,1.27
pru,98.47,1725290,40380.0,1.41,10.41,9.50
psa,218.57,604875,38063.0,0.14,25.53,8.54
psdo,14.73,335614,1228.0,1.39,39.76,0.37
pstg,22.86,2826776,5682.0,2.01,N/A,-0.77
psx,97.79,2332436,44663.0,0.83,8.33,11.80
ptc,94.16,1049271,11183.0,1.03,188.16,0.50
pten,15.05,5716221,3266.0,1.68,N/A,-1.47
pti,1.3100,2427377,68.905,-1.87,N/A,-1.6060
ptie,1.1600,294506,21.352,N/A,N/A,N/A
pulm,1.2500,1135098,9.874,2.79,N/A,-4.9830
pvh,127.26,1008603,9574.0,1.44,13.20,9.65
pxd,150.68,1272626,25564.0,1.16,26.67,5.69
pypl,105.73,9261995,125029.0,0.91,62.32,1.71
pyx,22.93,737917,196.149,0.80,N/A,-7.20
pzza,51.93,716981,1584.0,0.74,996.80,0.05
qcom,57.99,8942430,69908.0,0.92,36.93,1.56
qd,5.31,10403927,1613.0,N/A,5.17,1.05
qgen,0.00,0,9318.0,0.94,50.39,0.82
qhc,1.0700,889884,31.673,1.94,N/A,-6.9110
qlys,80.82,177986,3205.0,0.83,59.42,1.37
qrvo,74.89,665536,9240.0,0.95,162.53,0.46
qsr,65.88,1140036,30257.0,1.13,27.28,2.42
qts,46.07,696827,2832.0,1.38,N/A,-0.44
quad,12.48,329144,648.643,1.72,79.00,0.16
quot,9.89,357656,904.837,0.70,N/A,-0.30
qure,62.09,582696,2227.0,1.72,N/A,-2.34
r,64.73,279572,3469.0,1.98,12.60,5.17
race,136.94,516606,25738.0,1.43,30.58,4.49
rad,0.5833,18102059,604.105,1.96,0.97,0.5830
rai,N/A,N/A,N/A,N/A,N/A,N/A
rare,74.36,353626,4190.0,3.30,N/A,-3.97
rarx,23.51,338649,968.939,0.84,N/A,-2.06
rbc,84.62,107885,3646.0,1.37,16.19,5.26
rbs,6.66,411820,39746.0,1.12,40.42,0.17
rcii,20.53,569353,1089.0,0.17,126.92,0.16
rcky,25.60,13241,186.537,-0.25,12.96,1.95
rcl,117.27,1843070,24772.0,1.93,13.83,8.56
rcm,10.50,770211,1150.0,0.49,N/A,-0.60
rdc,11.13,5255842,1388.0,2.95,N/A,-2.74
rdfn,23.45,999359,2069.0,N/A,N/A,-0.49
rdus,22.29,815555,1040.0,0.98,N/A,-4.88
rdy,39.95,90699,6596.0,-0.17,28.26,1.40
regn,408.94,703822,43659.0,1.13,18.85,21.29
reta,91.15,270379,2626.0,3.12,N/A,-2.91
rev,21.24,110544,1135.0,0.29,N/A,-5.57
rf,15.14,9973404,15510.0,1.60,9.94,1.53
rgnx,59.29,401262,2096.0,0.68,21.08,2.73
rgr,54.42,308836,972.411,0.51,19.34,2.88
rh,104.76,1956940,2311.0,1.33,19.17,5.68
rhi,67.45,598470,7857.0,1.41,18.81,3.57
rht,183.25,948956,32356.0,-0.29,78.56,2.33
rick,24.03,16661,230.634,1.12,16.88,1.41
rig,9.14,10164225,5542.0,2.00,N/A,-4.27
rio,61.07,2807281,68684.0,0.37,7.92,7.88
riot,4.4600,2292927,67.84,3.23,N/A,-4.3330
rjf,85.20,821401,12059.0,1.41,12.89,6.63
rji,5.41,190711,na,0.83,N/A,na
rkda,7.11,82739,33.442,-2.68,N/A,-3.58
rl,127.59,922670,10016.0,0.94,23.82,5.35
rng,106.35,1461458,8395.0,0.87,N/A,-0.33
rnr,143.47,201354,6323.0,0.38,29.31,4.91
roic,17.34,969986,2168.0,0.90,46.03,0.38
rok,185.34,404952,22235.0,1.50,27.39,6.79
roku,63.40,24485656,6681.0,N/A,N/A,-0.09
rop,345.49,540692,35624.0,1.10,37.99,9.05
rost,98.41,1427636,36335.0,0.80,23.16,4.26
rpm,60.03,707846,7936.0,0.94,24.09,2.50
rrc,10.82,5467538,2686.0,1.14,N/A,-7.10
rrgb,29.66,437929,394.879,1.24,N/A,-0.50
rrts,11.59,80831,10818.0,2.36,N/A,-4.30
rs,94.25,583768,6271.0,1.27,10.68,8.75
rsg,79.76,1057847,25642.0,0.57,25.23,3.16
rtn,179.63,1793813,51263.0,1.29,17.90,10.15
run,15.24,613179,1753.0,1.13,66.91,0.23
rusha,43.48,207324,1595.0,1.56,12.61,3.45
rvnc,15.28,255765,661.328,0.36,N/A,-3.94
rxn,26.49,1478703,2812.0,1.45,N/A,-0.94
ry,77.36,457533,111534.0,1.02,12.35,6.29
ryaay,73.94,295363,14532.0,1.15,11.38,6.47
ryn,32.07,449507,4133.0,0.76,40.51,0.79
s,5.63,13077094,23532.0,0.87,77.97,0.07
saft,92.10,40278,1372.0,0.67,16.53,5.43
sage,166.95,406012,8559.0,3.04,N/A,-8.09
salt,4.3700,356102,297.514,0.47,N/A,-0.1800
sam,268.33,189359,3079.0,0.80,34.23,7.82
san,4.9100,3274134,80720.0,0.66,10.23,0.4820
sap,114.61,868482,137279.0,0.86,27.77,4.14
save,0.00,0,3738.0,0.42,23.99,2.28
sbac,201.01,530750,22686.0,0.57,491.44,0.41
sbgi,42.82,1020533,3885.0,1.60,12.69,3.35
sbny,129.99,269073,7087.0,1.63,14.15,9.23
sbra,19.39,1011436,3442.0,1.18,12.78,1.51
sbux,75.03,5140455,93519.0,0.42,33.48,2.25
sc,22.11,610263,7744.0,0.96,8.68,2.54
scco,41.03,521696,32228.0,0.59,20.89,2.00
schw,44.55,8415966,59746.0,1.05,18.28,2.45
scs,15.62,503051,1830.0,1.30,14.92,1.05
scvl,32.77,318665,504.447,0.74,13.39,2.45
sd,8.20,351263,297.416,1.39,N/A,-0.26
sdrl,9.11,415799,934,N/A,N/A,-14.87
seas,24.67,1254266,1992.0,2.35,45.54,0.52
sedg,40.72,386896,1958.0,0.44,15.41,2.69
see,46.32,1271035,7196.0,1.09,38.31,1.21
sf,57.64,433265,4149.0,2.03,12.20,4.73
sfix,27.47,1387431,2692.0,N/A,59.71,0.45
sfly,40.48,441580,1391.0,1.73,28.15,1.45
sfm,21.48,1007377,2644.0,0.45,17.52,1.22
sgc,17.18,5203,266.673,-0.05,15.80,1.10
sgen,79.37,1384351,12892.0,2.28,N/A,-1.41
sgg,44.63,210,na,0.00,N/A,na
sgmo,12.58,2594156,1428.0,1.91,N/A,-0.70
sgms,21.85,2288573,1839.0,1.83,N/A,-3.87
sgyp,0.0625,51182897,7.441,N/A,N/A,N/A
shak,60.13,578318,2195.0,1.72,113.54,0.52
shbi,15.35,7212,193.87,0.86,7.73,1.96
shlo,5.94,40889,132.059,1.55,68.77,0.08
shoo,34.26,475798,2891.0,0.96,22.43,1.50
shop,196.65,1290612,22259.0,1.86,N/A,-0.61
shw,449.23,402991,41157.0,1.23,38.25,11.67
sig,26.85,2811672,1347.0,1.28,N/A,-12.62
sina,66.32,465544,4751.0,1.30,39.11,1.70
siri,5.94,25663628,28331.0,0.97,23.00,0.26
site,60.77,227253,2465.0,1.04,34.77,1.73
sivb,237.46,311871,12578.0,2.46,13.19,18.11
six,50.24,1168024,4226.0,1.18,15.54,3.23
sji,32.22,581918,2920.0,0.93,153.19,0.21
sjm,116.54,1010489,13420.0,0.70,21.36,5.52
sjr,20.85,804297,10691.0,0.65,282.30,0.07
skt,20.52,1287071,1992.0,1.08,45.13,0.45
skx,34.63,1581006,5433.0,1.29,17.97,1.92
slb,45.00,11359223,63990.0,1.69,30.18,1.53
slca,16.93,1400890,1286.0,2.47,N/A,-2.63
sldb,9.55,367321,340.06,N/A,N/A,-2.25
slg,92.60,290894,8144.0,1.39,34.47,2.67
sls,1.0300,792265,25.262,2.01,N/A,-3.1540
smg,81.66,363107,4470.0,1.24,859.04,0.09
smp,52.12,41975,1183.0,0.18,28.10,1.88
smrt,0.9796,215021,48.794,-0.84,N/A,-0.1300
smtc,52.91,764165,3501.0,1.70,57.14,0.92
sna,161.21,601159,8901.0,1.40,13.48,11.87
snap,11.84,42355111,16209.0,1.17,N/A,-0.97
sndr,21.44,544158,3801.0,N/A,14.13,1.52
sne,43.07,8327303,57624.0,0.95,9.80,4.76
snoa,0.9900,68216,11.733,1.94,N/A,-2.0080
snps,116.59,985946,17427.0,1.35,30.44,3.83
snx,103.70,244998,5281.0,0.88,12.77,8.15
sny,43.99,438288,109939.0,0.39,22.80,1.94
so,51.65,3675879,53290.0,0.30,23.74,2.17
soda,N/A,N/A,N/A,N/A,N/A,N/A
sohu,17.26,109219,673.161,1.14,N/A,-4.13
sono,11.09,644552,1129.0,N/A,44.43,0.25
sorl,3.1600,46917,62.162,2.22,4.88,0.6600
spg,184.80,623848,65274.0,0.60,23.31,7.87
spgi,214.53,634292,52575.0,0.96,27.64,7.73
splk,128.70,972756,19454.0,1.66,N/A,-1.89
spot,141.13,753721,25706.0,N/A,N/A,-7.63
sppi,11.26,885794,1219.0,4.05,N/A,-1.16
sppp,10.72,80938,N/A,N/A,N/A,N/A
spr,89.64,3093762,8989.0,1.56,15.04,5.66
spwr,7.40,2186204,1077.0,2.23,N/A,-5.76
spy,288.57,53566335,na,1.00,N/A,na
sq,75.03,6564136,31477.0,3.19,N/A,-0.09
sqm,38.86,521691,10175.0,0.62,23.14,1.67
sr,82.72,114195,4163.0,0.20,24.83,3.30
src,40.33,1047686,3475.0,0.52,29.09,1.39
sre,128.24,1695003,35038.0,0.38,37.37,3.42
srg,46.49,142175,2530.0,2.13,N/A,-2.20
srpt,124.88,656896,9131.0,1.95,N/A,-5.46
ssi,1.0600,73546,30.275,1.94,N/A,-3.1300
ssnlf,na,na,na,na,na,na
ssti,45.77,94820,510.248,N/A,N/A,-0.26
ssys,25.22,342506,1338.0,2.32,N/A,-0.22
st,48.33,493816,7998.0,1.10,13.80,3.53
sti,61.65,2201243,27441.0,1.68,10.79,5.74
stld,35.81,1476886,8032.0,1.61,6.70,5.35
stm,17.40,4211190,15783.0,1.55,12.50,1.41
stmp,80.27,727856,1373.0,0.61,8.72,8.99
stor,33.47,1111610,7434.0,0.33,31.28,1.06
stt,68.57,970637,26184.0,1.64,10.80,6.40
stx,49.23,2233407,13786.0,1.98,8.58,5.75
stz,193.30,2866400,36509.0,0.68,10.95,17.57
su,33.24,4453810,53058.0,1.18,14.82,2.27
sum,15.35,2030581,1761.0,1.89,51.00,0.30
supn,38.80,282613,2033.9999999999998,1.10,18.96,2.05
supv,5.98,1278831,567.491,2.34,5.35,1.19
swk,142.79,882373,21795.0,1.31,36.09,3.99
swks,86.80,1356566,15164.0,0.68,14.04,6.24
swn,4.7100,18456490,2569.0,1.25,5.13,0.9300
syf,32.31,2935288,23099.0,1.67,8.70,3.74
syk,195.24,1158020,73032.0,1.04,20.96,9.34
symc,22.99,11558603,15495.0,0.96,N/A,-0.10
syna,38.81,1279281,1293.0,0.83,939.50,0.04
syy,67.14,3677108,34525.0,0.73,24.01,2.80
t,32.35,37224145,235948.0,0.82,11.37,2.85
taco,10.27,84606,376.78,0.52,20.71,0.49
tap,60.63,1171640,13152.0,0.83,11.80,5.15
tapr,22.10,95,na,-11.96,N/A,na
taro,105.82,64078,4143.0,0.88,13.47,7.88
tbbk,8.60,74793,482.801,0.60,5.52,1.55
tbk,30.88,84069,818.376,1.70,15.10,2.03
tcbi,59.15,440384,2971.0,1.67,10.21,5.79
tcf,21.93,1140088,3557.0,1.40,12.64,1.74
tcon,1.3900,263816,43.951,3.15,N/A,-1.2970
tcs,8.67,201255,427.493,2.78,79.45,0.11
td,55.98,1137984,103245.0,1.07,12.47,4.52
tdg,462.78,285091,24455.0,1.34,31.67,14.60
tdoc,58.49,1709224,4038.0000000000005,2.10,N/A,-1.47
tdy,244.63,222675,8968.0,1.27,27.48,9.01
team,111.33,1009585,26844.0,1.63,N/A,-1.03
tech,198.43,136445,7616.0,1.59,80.79,2.50
tel,86.27,1048185,29317.0,0.98,10.57,8.20
ten,23.99,1069175,1987.0,1.92,26.41,0.93
tenx,1.9100,381195,5.642,1.62,N/A,-4.1220
ter,44.15,1270413,7673.0,1.38,18.86,2.35
teva,15.24,9881809,16388.0,2.09,N/A,-2.35
tex,33.35,812745,2374.0,1.85,22.53,1.48
tgh,10.03,142082,590.669,2.42,11.69,0.88
tgt,80.94,4608833,42303.0,1.05,14.86,5.51
thc,31.19,994230,3155.0,2.43,28.67,1.07
tho,64.15,872739,3648.0,2.21,15.20,4.36
ti,6.02,52248,12267.0,0.32,N/A,-0.43
tif,107.50,2038615,12949.0,1.28,22.45,4.75
tivo,9.38,408806,1168.0,0.67,N/A,-2.84
tjx,54.11,4571956,65989.0,0.86,22.36,2.43
tkr,47.60,652122,3576.0,1.78,12.17,3.86
tlgt,1.0400,3414199,56.463,1.60,N/A,-0.6800
tlk,28.43,282555,27785.0,-0.15,21.42,1.30
tlrd,7.76,2339347,406.465,2.12,4.94,1.64
tlry,59.54,2725500,5486.0,N/A,N/A,-0.82
tlys,11.33,190722,329.561,1.33,13.30,0.84
tm,122.54,84568,173254.0,0.71,7.47,16.36
tmus,70.35,4014115,60561.0,0.73,21.20,3.36
tndm,63.32,1524053,3578.0,0.01,N/A,-2.55
tol,37.66,1059226,5525.0,0.59,7.87,4.81
tot,56.73,1320052,148157.0,0.56,13.46,4.24
tpr,34.25,2725019,9804.0,1.02,13.51,2.50
tpx,59.03,533768,3242.0,2.39,32.43,1.83
trco,46.18,1436704,4077.0,0.10,9.90,4.66
trex,69.92,587584,4118.0,1.94,30.68,2.28
trgp,40.79,1571834,9376.0,1.36,N/A,-0.53
tri,58.61,286592,29546.0,0.57,9.96,5.91
trip,52.90,1493033,7212.0,0.13,64.46,0.81
trow,104.44,828237,24736.0,0.99,14.37,7.27
trp,45.97,929905,42791.0,1.00,16.65,2.78
tru,68.12,2674786,12768.0,1.18,46.96,1.45
true,6.66,363291,694.837,1.42,N/A,-0.28
trv,136.40,1006270,35790.0,0.97,14.64,9.28
trvg,4.4400,380071,1510.0,0.10,N/A,-0.1400
trvn,1.5500,637338,145.919,5.66,N/A,-0.4180
ts,28.86,1350723,16977.0,1.17,19.57,1.48
tsc,21.73,94956,637.39,1.40,12.02,1.81
tsco,101.13,1244825,12313.0,1.22,23.59,4.31
tsg,18.87,1431391,5116.0,1.24,N/A,-0.49
tsla,274.96,10410436,47187.0,-0.25,N/A,-5.72
tsm,42.23,6830320,208626.0,0.87,19.01,2.23
tsmc,na,na,na,na,na,na
tsn,69.80,1932350,25729.0,0.59,13.36,5.27
ttd,196.52,1002315,8754.0,2.94,102.86,1.92
ttm,14.95,1166450,9099.0,0.61,7.49,1.93
ttmi,12.65,745089,1338.0,2.28,9.20,1.38
ttph,1.2600,320609,66.107,2.57,N/A,-1.3740
ttwo,94.53,1574735,9973.0,1.14,29.58,3.19
tu,37.03,374348,22419.0,0.65,19.85,1.88
tvix,24.23,13596077,na,1.69,N/A,na
twlo,122.42,2705574,15092.0,1.33,N/A,-1.26
two,13.54,2916809,3689.0,0.42,N/A,-0.53
twou,70.07,1580958,3934.0,1.74,N/A,-0.69
twtr,34.72,10655009,26654.0,-0.17,22.35,1.56
twx,N/A,N/A,N/A,N/A,N/A,N/A
txn,113.63,4580757,108148.0,1.12,20.60,5.59
txrh,62.84,394092,4461.0,0.95,28.29,2.20
txt,51.46,1734038,12043.0,1.79,10.66,4.83
ua,19.64,1433891,9168.0,0.93,N/A,-0.10
uaa,21.83,4311821,9181.0,0.71,N/A,-0.10
ual,84.91,1853037,22560.0,1.15,10.98,7.70
uan,3.9000,97039,440.671,0.74,N/A,-0.4420
ubnt,162.19,297516,11439.0,1.35,35.85,4.53
ubs,12.56,1684977,46560.0,1.06,10.66,1.17
uctt,11.68,232501,450.945,1.68,12.27,0.94
udr,45.28,943012,13706.0,0.69,60.93,0.74
ueps,3.6200,110874,204.602,0.63,N/A,-0.5740
ufpt,36.35,9788,268.504,0.82,18.78,1.93
ugaz,28.93,3210012,na,0.76,N/A,na
ugp,12.17,639258,6322.0,-0.64,22.58,0.52
uhs,134.72,551910,12114.0,1.28,16.00,8.31
ul,57.52,643156,150252.0,0.51,22.87,2.53
ulta,353.63,439663,20844.0,1.35,32.40,10.94
ulti,330.46,935380,10468.0,1.23,160.41,2.06
umbf,66.08,321805,3225.0,1.02,16.75,3.92
umc,1.8700,325035,4347.0,0.81,14.15,0.1350
un,57.94,813796,156275.0,0.43,23.03,2.53
unfi,0.00,0,683.528,3.06,N/A,-5.47
unh,248.78,2174855,238685.0,0.98,20.41,12.19
unm,34.94,1453914,7568.0,1.57,14.82,2.38
unp,168.72,2561340,121942.0,1.27,21.33,7.91
unvr,22.70,1249665,3823.0,1.65,18.59,1.21
upld,40.85,128251,883.002,0.70,N/A,-0.54
ups,114.33,1835829,98034.0,1.41,20.68,5.51
urbn,33.95,5186435,3479.0,0.46,12.35,2.72
uri,123.34,822151,9777.0,2.39,9.46,13.12
usa,6.23,597878,1229.0,-0.29,N/A,-0.29
usb,49.70,4920083,79821.0,1.23,12.05,4.14
uscr,43.63,200952,730.584,1.49,24.18,1.82
usfd,35.27,730937,7650.0,0.52,18.80,1.87
usg,43.36,1158899,6076.0,0.44,31.40,1.38
usna,84.20,194687,1996.0,0.30,16.72,5.12
usph,107.62,64662,1354.0,1.37,80.95,1.31
uthr,120.81,698768,4981.0,1.02,8.51,13.39
utx,133.72,2683439,115173.0,1.31,20.55,6.50
uve,31.04,285966,1064.0,1.53,9.32,3.27
uvv,57.68,88083,1426.0,0.58,14.03,4.07
uwt,20.97,8215519,na,0.00,N/A,na
uwti,N/A,N/A,N/A,N/A,N/A,N/A
v,157.65,5604889,346586.0,0.88,33.93,4.65
vac,100.40,339525,4546.0,2.36,62.61,1.61
vale,13.39,16837293,69790.0,0.06,19.88,0.69
var,140.76,516733,12888.0,0.96,36.00,3.94
vc,75.42,308256,2181.0,1.98,13.98,5.52
vcel,17.77,559812,786.774,1.52,N/A,-0.20
veev,130.20,881737,19179.0,1.66,89.10,1.47
vfc,89.17,2049896,35537.0,1.50,20.82,4.32
vgr,10.85,512113,1498.0,0.88,28.96,0.37
via,34.91,39732,12398.0,1.30,9.47,3.73
viab,29.78,3331933,12310.0,1.30,8.02,3.73
viav,12.47,1003508,2882.0,0.46,N/A,-0.17
vici,22.12,2966268,8946.0,N/A,15.48,1.43
vips,8.65,5835012,5668.0,2.11,17.70,0.48
virt,25.54,652717,4684.0,-1.20,8.87,2.78
vktx,10.63,2555717,762.332,3.04,N/A,-0.38
vlo,86.69,2136923,35998.0,1.26,11.82,7.29
vmc,120.21,593688,15939.0,0.91,31.31,3.86
vmw,185.79,1044157,76555.0,0.87,31.88,5.85
vnce,13.23,5848,154.804,1.36,2.17,6.14
vnet,7.84,153277,867.674,1.19,10.08,0.77
vno,69.57,946163,13923.0,1.13,34.06,2.01
vnom,33.95,349065,4547.0,1.54,16.76,2.01
vnr,N/A,N/A,N/A,N/A,N/A,N/A
vntv,N/A,N/A,N/A,N/A,N/A,N/A
vod,18.35,2847084,49761.0,0.70,N/A,-2.82
vrex,34.40,134046,1303.0,1.67,68.20,0.50
vrns,61.09,372474,1843.0,0.91,N/A,-0.99
vrsk,135.52,654710,22136.0,0.85,38.03,3.56
vrsn,189.24,550727,22718.0,0.87,39.95,4.75
vrtx,188.89,910148,48301.0,1.43,23.36,8.09
vrx,N/A,N/A,N/A,N/A,N/A,N/A
vsat,80.08,579073,4999.0,1.09,N/A,-1.51
vslr,5.22,400748,623.802,-0.07,N/A,-0.13
vsm,51.20,9452445,5651.0,2.11,23.64,2.19
vstm,3.1400,1529488,222.334,2.43,N/A,-1.3690
vsto,8.57,243394,479.158,0.15,N/A,-10.71
vtr,63.18,1112801,22417.0,0.38,54.57,1.14
vygr,20.83,463914,762.06,2.07,N/A,-2.75
vz,59.09,11665060,244207.0,0.47,15.73,3.76
w,152.50,1065831,13701.0,2.78,N/A,-5.63
wab,76.24,1134963,12248.0,1.40,24.73,3.05
wal,43.86,483818,4590.0,1.55,10.63,4.14
wat,252.33,296816,17912.0,1.28,33.09,7.65
wb,71.06,1437598,16015.0,1.38,28.54,2.52
wba,54.69,7120975,50341.0,0.78,10.34,5.33
wbc,133.02,774537,6832.0,1.42,17.95,7.43
wbk,18.63,207823,63286.0,0.77,10.86,1.70
wcg,283.22,1324151,14377.0,1.42,30.77,9.29
wd,51.36,181394,1577.0,1.30,10.36,4.97
wday,186.29,819837,41538.0,1.15,N/A,-1.93
wdc,52.04,4377906,15005.0,1.72,18.87,2.73
wen,18.25,2808272,4151.0,0.68,9.59,1.88
wern,35.22,282899,2484.0,1.40,15.12,2.33
wetf,7.45,682419,1141.0,1.08,32.53,0.23
wex,197.83,207073,8606.0,1.14,51.68,3.86
wfc,48.78,18875202,222011.0,1.27,11.42,4.28
wfm,N/A,N/A,N/A,N/A,N/A,N/A
wft,0.6900,14197387,672.03,2.00,N/A,-2.8190
wgo,33.05,430153,1065.0,1.01,10.00,3.34
wh,51.34,954525,5046.0,N/A,31.99,1.62
whd,37.71,397968,2794.0,N/A,23.54,1.58
whr,136.11,569037,8771.0,1.78,N/A,-2.72
win,0.3300,8787527,14.611,N/A,N/A,N/A
wing,74.17,374029,2197.0,0.97,102.62,0.73
wins,24.28,1194,484.633,3.13,46.18,0.53
wire,58.92,51885,1242.0,0.89,15.90,3.74
wit,4.0700,1024192,22920.0,0.47,16.60,0.2470
wix,120.11,375275,5771.0,0.92,N/A,-0.77
wk,51.17,144257,2238.0,1.09,N/A,-1.15
wkhs,0.6215,169218,38.005,2.73,N/A,-0.7400
wll,29.49,5208073,2703.0,2.07,7.98,3.73
wmb,29.11,6099872,35140.0,1.51,N/A,-0.16
wmk,41.79,99157,1102.0,-0.32,17.57,2.33
wmt,98.83,5422422,284758.0,0.66,43.91,2.26
wmw,35.10,6147,na,1.11,N/A,na
wp,113.81,3155871,35491.0,0.94,"2,853.25",0.04
wpg,5.53,1502684,1210.0,1.31,12.93,0.42
wpx,13.63,6524711,5781.0,2.63,39.23,0.35
wpz,na,na,na,na,na,na
wrb,57.18,392782,10443.0,0.72,17.12,3.33
wsm,60.24,1085151,4741.0,1.09,14.85,4.05
wso,150.11,278441,5564.0,1.08,22.88,6.49
wtfc,72.71,454625,4127.0,1.23,12.46,5.86
wti,7.07,2155642,990.134,3.09,4.09,1.72
wtw,21.03,3540434,1434.0,0.90,6.71,3.19
wu,19.39,8865803,8496.0,0.76,10.42,1.87
wuba,70.48,652932,10534.0,1.52,35.01,2.03
wve,42.38,140940,1465.0,0.58,N/A,-5.06
wwe,89.15,1024325,7026.0,1.59,80.38,1.12
wy,27.39,3470282,20176.0,1.72,27.36,0.99
wynn,140.94,3473502,15592.0,1.31,27.07,5.35
x,19.84,6982494,3422.0,2.61,3.16,6.25
xec,68.83,1149017,6907.0,1.54,8.33,8.32
xel,55.71,2418587,28466.0,0.25,22.41,2.47
xene,10.30,94077,264.981,1.83,N/A,-1.63
xlk,75.92,7306309,na,1.04,25.52,na
xlnx,129.08,2128514,32886.0,1.41,39.44,3.29
xlrn,46.92,295621,2361.0,1.08,N/A,-2.59
xom,82.49,9108046,351488.0,1.07,17.01,4.88
xoma,13.38,30281,117.422,2.47,N/A,-1.59
xon,5.51,1379842,891.874,2.18,N/A,-3.93
xpo,59.53,1502698,6534.0,1.89,20.78,2.88
xray,50.40,777210,11235.0,0.86,N/A,-4.51
xrx,33.38,2905979,7712.0,2.20,24.46,1.38
xyl,80.34,1143271,14628.0,1.13,26.84,3.03
yelp,35.40,818436,2895.0,0.39,56.94,0.62
yext,21.72,494925,2356.0,N/A,N/A,-0.76
yum,99.96,1339992,30516.0,0.40,21.23,4.69
yumc,44.66,1600352,16731.0,0.89,24.66,1.79
yy,87.18,548314,7013.0,1.89,21.40,4.04
z,37.27,3486597,7648.0,0.98,N/A,-0.61
zayo,29.37,2164766,6927.0,0.97,62.61,0.47
zbh,127.21,1257764,26342.0,1.41,N/A,-1.86
zbra,218.33,448990,11929.0,1.32,28.54,7.76
zen,81.71,964674,8863.0,1.49,N/A,-1.24
zgnx,52.00,3020465,2199.0,2.53,N/A,-3.28
zion,47.57,1499230,8865.0,1.52,11.67,4.08
ziop,4.4400,1524184,701.396,2.89,4.54,0.9560
zixi,6.85,1419139,377.909,0.70,24.52,0.29
znga,5.35,7184958,4983.0,0.53,298.33,0.02
znwaa,N/A,N/A,N/A,N/A,N/A,N/A
zs,63.14,1602966,7880.0,N/A,N/A,-0.26
zsan,5.09,1592907,59.985,4.35,N/A,-3.74
zts,102.12,1909542,48983.0,0.65,34.89,2.93
zuo,20.15,907615,2195.0,N/A,N/A,-0.85
zyne,8.73,6919761,182.677,5.01,N/A,-2.61